[{"model": "admin.logentry", "pk": 1, "fields": {"action_time": "2025-05-30T17:27:20.447Z", "user": 1, "content_type": 7, "object_id": "1", "object_repr": "", "action_flag": 3, "change_message": ""}}, {"model": "admin.logentry", "pk": 2, "fields": {"action_time": "2025-05-30T17:28:01.622Z", "user": 1, "content_type": 6, "object_id": "1", "object_repr": "admin@angani.co", "action_flag": 2, "change_message": "[{\"changed\": {\"fields\": [\"First name\", \"Last name\"]}}]"}}, {"model": "admin.logentry", "pk": 3, "fields": {"action_time": "2025-05-30T17:37:02.038Z", "user": 1, "content_type": 7, "object_id": "2", "object_repr": "Big Company", "action_flag": 3, "change_message": ""}}, {"model": "admin.logentry", "pk": 4, "fields": {"action_time": "2025-05-30T19:24:39.952Z", "user": 1, "content_type": 7, "object_id": "36", "object_repr": "Test individual-3", "action_flag": 3, "change_message": ""}}, {"model": "admin.logentry", "pk": 5, "fields": {"action_time": "2025-05-30T19:24:39.952Z", "user": 1, "content_type": 7, "object_id": "35", "object_repr": "Test individual-2", "action_flag": 3, "change_message": ""}}, {"model": "admin.logentry", "pk": 6, "fields": {"action_time": "2025-05-30T19:24:59.043Z", "user": 1, "content_type": 7, "object_id": "34", "object_repr": "Test Company", "action_flag": 2, "change_message": "[{\"changed\": {\"fields\": [\"Email\", \"Phone number\"]}}]"}}, {"model": "admin.logentry", "pk": 7, "fields": {"action_time": "2025-06-03T12:13:18.492Z", "user": 1, "content_type": 7, "object_id": "34", "object_repr": "Test Company (gmutai1194@gmail.com)", "action_flag": 3, "change_message": ""}}, {"model": "admin.logentry", "pk": 8, "fields": {"action_time": "2025-06-03T12:13:18.492Z", "user": 1, "content_type": 7, "object_id": "33", "object_repr": "Test individual (test@gmail.com)", "action_flag": 3, "change_message": ""}}, {"model": "admin.logentry", "pk": 9, "fields": {"action_time": "2025-06-03T12:13:18.492Z", "user": 1, "content_type": 7, "object_id": "32", "object_repr": "Noah Brown (noah.brown@example.com)", "action_flag": 3, "change_message": ""}}, {"model": "admin.logentry", "pk": 10, "fields": {"action_time": "2025-06-03T12:13:18.492Z", "user": 1, "content_type": 7, "object_id": "31", "object_repr": "Zenith Corp (info@zenithcorp.com)", "action_flag": 3, "change_message": ""}}, {"model": "admin.logentry", "pk": 11, "fields": {"action_time": "2025-06-03T12:13:18.492Z", "user": 1, "content_type": 7, "object_id": "30", "object_repr": "Maya Patel (maya.patel@example.com)", "action_flag": 3, "change_message": ""}}, {"model": "admin.logentry", "pk": 12, "fields": {"action_time": "2025-06-03T12:13:18.492Z", "user": 1, "content_type": 7, "object_id": "29", "object_repr": "Apex Dynamics (contact@apexdynamics.com)", "action_flag": 3, "change_message": ""}}, {"model": "admin.logentry", "pk": 13, "fields": {"action_time": "2025-06-03T12:13:18.493Z", "user": 1, "content_type": 7, "object_id": "28", "object_repr": "Liam Johnson (liam.johnson@example.com)", "action_flag": 3, "change_message": ""}}, {"model": "admin.logentry", "pk": 14, "fields": {"action_time": "2025-06-03T12:13:18.493Z", "user": 1, "content_type": 7, "object_id": "27", "object_repr": "Orion Systems (gmutai1194@gmail.com)", "action_flag": 3, "change_message": ""}}, {"model": "admin.logentry", "pk": 15, "fields": {"action_time": "2025-06-03T12:13:18.493Z", "user": 1, "content_type": 7, "object_id": "26", "object_repr": "Karen Smith (karen.smith@example.com)", "action_flag": 3, "change_message": ""}}, {"model": "admin.logentry", "pk": 16, "fields": {"action_time": "2025-06-03T12:13:18.493Z", "user": 1, "content_type": 7, "object_id": "25", "object_repr": "Nexus Enterprises (contact@nexusenterprises.com)", "action_flag": 3, "change_message": ""}}, {"model": "admin.logentry", "pk": 17, "fields": {"action_time": "2025-06-03T12:13:18.493Z", "user": 1, "content_type": 7, "object_id": "24", "object_repr": "Jackie Chan (jackie.chan@example.com)", "action_flag": 3, "change_message": ""}}, {"model": "admin.logentry", "pk": 18, "fields": {"action_time": "2025-06-03T12:13:18.493Z", "user": 1, "content_type": 7, "object_id": "23", "object_repr": "Quantum Innovations (info@quantuminnovations.com)", "action_flag": 3, "change_message": ""}}, {"model": "admin.logentry", "pk": 19, "fields": {"action_time": "2025-06-03T12:13:18.493Z", "user": 1, "content_type": 7, "object_id": "22", "object_repr": "Isabella King (isabella.king@example.com)", "action_flag": 3, "change_message": ""}}, {"model": "admin.logentry", "pk": 20, "fields": {"action_time": "2025-06-03T12:13:18.493Z", "user": 1, "content_type": 7, "object_id": "21", "object_repr": "Vertex Solutions (hello@vertexsolutions.com)", "action_flag": 3, "change_message": ""}}, {"model": "admin.logentry", "pk": 21, "fields": {"action_time": "2025-06-03T12:13:18.493Z", "user": 1, "content_type": 7, "object_id": "20", "object_repr": "Henry Ford (henry.ford@example.com)", "action_flag": 3, "change_message": ""}}, {"model": "admin.logentry", "pk": 22, "fields": {"action_time": "2025-06-03T12:13:18.493Z", "user": 1, "content_type": 7, "object_id": "19", "object_repr": "Blue Horizon (contact@bluehorizon.com)", "action_flag": 3, "change_message": ""}}, {"model": "admin.logentry", "pk": 23, "fields": {"action_time": "2025-06-03T12:13:18.493Z", "user": 1, "content_type": 7, "object_id": "18", "object_repr": "Grace Lee (grace.lee@example.com)", "action_flag": 3, "change_message": ""}}, {"model": "admin.logentry", "pk": 24, "fields": {"action_time": "2025-06-03T12:13:18.493Z", "user": 1, "content_type": 7, "object_id": "17", "object_repr": "Summit Tech (support@summittech.com)", "action_flag": 3, "change_message": ""}}, {"model": "admin.logentry", "pk": 25, "fields": {"action_time": "2025-06-03T12:13:18.493Z", "user": 1, "content_type": 7, "object_id": "16", "object_repr": "Frank Miller (frank.miller@example.com)", "action_flag": 3, "change_message": ""}}, {"model": "admin.logentry", "pk": 26, "fields": {"action_time": "2025-06-03T12:13:18.493Z", "user": 1, "content_type": 7, "object_id": "15", "object_repr": "Pioneer Logistics (info@pioneerlogistics.com)", "action_flag": 3, "change_message": ""}}, {"model": "admin.logentry", "pk": 27, "fields": {"action_time": "2025-06-03T12:13:18.493Z", "user": 1, "content_type": 7, "object_id": "14", "object_repr": "Evelyn Parker (evelyn.parker@example.com)", "action_flag": 3, "change_message": ""}}, {"model": "admin.logentry", "pk": 28, "fields": {"action_time": "2025-06-03T12:13:18.493Z", "user": 1, "content_type": 7, "object_id": "13", "object_repr": "Delta Dynamics (contact@deltadynamics.com)", "action_flag": 3, "change_message": ""}}, {"model": "admin.logentry", "pk": 29, "fields": {"action_time": "2025-06-03T12:13:18.493Z", "user": 1, "content_type": 7, "object_id": "12", "object_repr": "Samuel Kimani (sam.kimani@gmail.com)", "action_flag": 3, "change_message": ""}}, {"model": "admin.logentry", "pk": 30, "fields": {"action_time": "2025-06-03T12:13:18.493Z", "user": 1, "content_type": 7, "object_id": "11", "object_repr": "SoftCloud Ltd (admin@softcloud.com)", "action_flag": 3, "change_message": ""}}, {"model": "admin.logentry", "pk": 31, "fields": {"action_time": "2025-06-03T12:13:18.493Z", "user": 1, "content_type": 7, "object_id": "10", "object_repr": "Grace Wanjiku (gracewanjiku@hotmail.com)", "action_flag": 3, "change_message": ""}}, {"model": "admin.logentry", "pk": 32, "fields": {"action_time": "2025-06-03T12:13:18.493Z", "user": 1, "content_type": 7, "object_id": "9", "object_repr": "Zentech Africa (contact@zentech.co.ke)", "action_flag": 3, "change_message": ""}}, {"model": "admin.logentry", "pk": 33, "fields": {"action_time": "2025-06-03T12:13:18.493Z", "user": 1, "content_type": 7, "object_id": "8", "object_repr": "Brian Otieno (brian.o@gmail.com)", "action_flag": 3, "change_message": ""}}, {"model": "admin.logentry", "pk": 34, "fields": {"action_time": "2025-06-03T12:13:18.493Z", "user": 1, "content_type": 7, "object_id": "7", "object_repr": "NovaX Innovations (hello@novax.io)", "action_flag": 3, "change_message": ""}}, {"model": "admin.logentry", "pk": 35, "fields": {"action_time": "2025-06-03T12:13:18.493Z", "user": 1, "content_type": 7, "object_id": "6", "object_repr": "Aisha Ali (aisha.ali@yahoo.com)", "action_flag": 3, "change_message": ""}}, {"model": "admin.logentry", "pk": 36, "fields": {"action_time": "2025-06-03T12:28:59.772Z", "user": 1, "content_type": 8, "object_id": "75", "object_repr": "Wright-Wong - levy.com", "action_flag": 3, "change_message": ""}}, {"model": "admin.logentry", "pk": 37, "fields": {"action_time": "2025-06-03T12:28:59.772Z", "user": 1, "content_type": 8, "object_id": "74", "object_repr": "Jackson-Franklin - ferguson-james.net", "action_flag": 3, "change_message": ""}}, {"model": "admin.logentry", "pk": 38, "fields": {"action_time": "2025-06-03T12:28:59.772Z", "user": 1, "content_type": 8, "object_id": "73", "object_repr": "Johnson, Osborne and Sanders - macdonald.biz", "action_flag": 3, "change_message": ""}}, {"model": "admin.logentry", "pk": 39, "fields": {"action_time": "2025-06-03T12:28:59.772Z", "user": 1, "content_type": 8, "object_id": "72", "object_repr": "Campbell, Villa and Nichols - lopez.com", "action_flag": 3, "change_message": ""}}, {"model": "admin.logentry", "pk": 40, "fields": {"action_time": "2025-06-03T12:28:59.772Z", "user": 1, "content_type": 8, "object_id": "71", "object_repr": "Anderson, Sherman and Arroyo - madden.net", "action_flag": 3, "change_message": ""}}, {"model": "admin.logentry", "pk": 41, "fields": {"action_time": "2025-06-03T12:28:59.772Z", "user": 1, "content_type": 8, "object_id": "70", "object_repr": "Spencer, Pope and Simpson - sanders-rivera.com", "action_flag": 3, "change_message": ""}}, {"model": "admin.logentry", "pk": 42, "fields": {"action_time": "2025-06-03T12:28:59.772Z", "user": 1, "content_type": 8, "object_id": "69", "object_repr": "Owens-Sanchez - jackson.com", "action_flag": 3, "change_message": ""}}, {"model": "admin.logentry", "pk": 43, "fields": {"action_time": "2025-06-03T12:28:59.772Z", "user": 1, "content_type": 8, "object_id": "68", "object_repr": "Smith, Conley and Gaines - vasquez-rodriguez.com", "action_flag": 3, "change_message": ""}}, {"model": "admin.logentry", "pk": 44, "fields": {"action_time": "2025-06-03T12:28:59.772Z", "user": 1, "content_type": 8, "object_id": "67", "object_repr": "Green, Nichols and Sanders - weber-gonzalez.com", "action_flag": 3, "change_message": ""}}, {"model": "admin.logentry", "pk": 45, "fields": {"action_time": "2025-06-03T12:28:59.772Z", "user": 1, "content_type": 8, "object_id": "66", "object_repr": "Evans, Bolton and Casey - garcia-walters.com", "action_flag": 3, "change_message": ""}}, {"model": "admin.logentry", "pk": 46, "fields": {"action_time": "2025-06-03T12:28:59.772Z", "user": 1, "content_type": 8, "object_id": "65", "object_repr": "Brown Ltd - petersen.info", "action_flag": 3, "change_message": ""}}, {"model": "admin.logentry", "pk": 47, "fields": {"action_time": "2025-06-03T12:28:59.772Z", "user": 1, "content_type": 8, "object_id": "64", "object_repr": "Smith, Conley and Gaines - jacobs.org", "action_flag": 3, "change_message": ""}}, {"model": "admin.logentry", "pk": 48, "fields": {"action_time": "2025-06-03T12:28:59.772Z", "user": 1, "content_type": 8, "object_id": "63", "object_repr": "Austin, Palmer and Lozano - hill.com", "action_flag": 3, "change_message": ""}}, {"model": "admin.logentry", "pk": 49, "fields": {"action_time": "2025-06-03T12:28:59.772Z", "user": 1, "content_type": 8, "object_id": "62", "object_repr": "Spencer, Pope and Simpson - velez-davis.com", "action_flag": 3, "change_message": ""}}, {"model": "admin.logentry", "pk": 50, "fields": {"action_time": "2025-06-03T12:28:59.772Z", "user": 1, "content_type": 8, "object_id": "61", "object_repr": "Williams-Gallagher - schmidt.com", "action_flag": 3, "change_message": ""}}, {"model": "admin.logentry", "pk": 51, "fields": {"action_time": "2025-06-03T12:28:59.772Z", "user": 1, "content_type": 8, "object_id": "60", "object_repr": "Williams-Gallagher - thomas.org", "action_flag": 3, "change_message": ""}}, {"model": "admin.logentry", "pk": 52, "fields": {"action_time": "2025-06-03T12:28:59.772Z", "user": 1, "content_type": 8, "object_id": "59", "object_repr": "Lamb and Sons - bates.net", "action_flag": 3, "change_message": ""}}, {"model": "admin.logentry", "pk": 53, "fields": {"action_time": "2025-06-03T12:28:59.772Z", "user": 1, "content_type": 8, "object_id": "58", "object_repr": "Rose, Jordan and Leon - rivera-wood.com", "action_flag": 3, "change_message": ""}}, {"model": "admin.logentry", "pk": 54, "fields": {"action_time": "2025-06-03T12:28:59.772Z", "user": 1, "content_type": 8, "object_id": "57", "object_repr": "Bailey Inc - martinez.net", "action_flag": 3, "change_message": ""}}, {"model": "admin.logentry", "pk": 55, "fields": {"action_time": "2025-06-03T12:28:59.772Z", "user": 1, "content_type": 8, "object_id": "56", "object_repr": "Myers, Cunningham and Owen - chavez.com", "action_flag": 3, "change_message": ""}}, {"model": "admin.logentry", "pk": 56, "fields": {"action_time": "2025-06-03T12:28:59.772Z", "user": 1, "content_type": 8, "object_id": "55", "object_repr": "Brown and Sons - smith-garrison.biz", "action_flag": 3, "change_message": ""}}, {"model": "admin.logentry", "pk": 57, "fields": {"action_time": "2025-06-03T12:28:59.772Z", "user": 1, "content_type": 8, "object_id": "54", "object_repr": "Williams-Gallagher - riley.info", "action_flag": 3, "change_message": ""}}, {"model": "admin.logentry", "pk": 58, "fields": {"action_time": "2025-06-03T12:28:59.772Z", "user": 1, "content_type": 8, "object_id": "53", "object_repr": "Patel Group - reid.com", "action_flag": 3, "change_message": ""}}, {"model": "admin.logentry", "pk": 59, "fields": {"action_time": "2025-06-03T12:28:59.772Z", "user": 1, "content_type": 8, "object_id": "52", "object_repr": "Smith, Conley and Gaines - wilson.org", "action_flag": 3, "change_message": ""}}, {"model": "admin.logentry", "pk": 60, "fields": {"action_time": "2025-06-03T12:28:59.772Z", "user": 1, "content_type": 8, "object_id": "51", "object_repr": "Jenkins-Oneal - lopez-nelson.com", "action_flag": 3, "change_message": ""}}, {"model": "admin.logentry", "pk": 61, "fields": {"action_time": "2025-06-03T12:28:59.772Z", "user": 1, "content_type": 8, "object_id": "50", "object_repr": "Bailey Inc - lindsey-morris.com", "action_flag": 3, "change_message": ""}}, {"model": "admin.logentry", "pk": 62, "fields": {"action_time": "2025-06-03T12:28:59.772Z", "user": 1, "content_type": 8, "object_id": "49", "object_repr": "Brown Inc - nguyen.biz", "action_flag": 3, "change_message": ""}}, {"model": "admin.logentry", "pk": 63, "fields": {"action_time": "2025-06-03T12:28:59.772Z", "user": 1, "content_type": 8, "object_id": "48", "object_repr": "Hawkins-Nichols - sanchez.com", "action_flag": 3, "change_message": ""}}, {"model": "admin.logentry", "pk": 64, "fields": {"action_time": "2025-06-03T12:28:59.772Z", "user": 1, "content_type": 8, "object_id": "47", "object_repr": "Williams-Gallagher - park.info", "action_flag": 3, "change_message": ""}}, {"model": "admin.logentry", "pk": 65, "fields": {"action_time": "2025-06-03T12:28:59.772Z", "user": 1, "content_type": 8, "object_id": "46", "object_repr": "Hawkins-Nichols - harrison.net", "action_flag": 3, "change_message": ""}}, {"model": "admin.logentry", "pk": 66, "fields": {"action_time": "2025-06-03T12:28:59.772Z", "user": 1, "content_type": 8, "object_id": "45", "object_repr": "Brown Ltd - mcmillan.info", "action_flag": 3, "change_message": ""}}, {"model": "admin.logentry", "pk": 67, "fields": {"action_time": "2025-06-03T12:28:59.772Z", "user": 1, "content_type": 8, "object_id": "44", "object_repr": "Johnson, Osborne and Sanders - garcia.net", "action_flag": 3, "change_message": ""}}, {"model": "admin.logentry", "pk": 68, "fields": {"action_time": "2025-06-03T12:28:59.772Z", "user": 1, "content_type": 8, "object_id": "43", "object_repr": "Clark, Snow and Salas - wolfe-peters.biz", "action_flag": 3, "change_message": ""}}, {"model": "admin.logentry", "pk": 69, "fields": {"action_time": "2025-06-03T12:28:59.773Z", "user": 1, "content_type": 8, "object_id": "42", "object_repr": "Anderson, Sherman and Arroyo - williams.com", "action_flag": 3, "change_message": ""}}, {"model": "admin.logentry", "pk": 70, "fields": {"action_time": "2025-06-03T12:28:59.773Z", "user": 1, "content_type": 8, "object_id": "41", "object_repr": "Clark, Snow and Salas - mcintyre.com", "action_flag": 3, "change_message": ""}}, {"model": "admin.logentry", "pk": 71, "fields": {"action_time": "2025-06-03T12:28:59.773Z", "user": 1, "content_type": 8, "object_id": "40", "object_repr": "Roman LLC - morris.com", "action_flag": 3, "change_message": ""}}, {"model": "admin.logentry", "pk": 72, "fields": {"action_time": "2025-06-03T12:28:59.773Z", "user": 1, "content_type": 8, "object_id": "39", "object_repr": "Sanford, Ramirez and Davis - payne.com", "action_flag": 3, "change_message": ""}}, {"model": "admin.logentry", "pk": 73, "fields": {"action_time": "2025-06-03T12:28:59.773Z", "user": 1, "content_type": 8, "object_id": "38", "object_repr": "Berg-Krause - garrett.com", "action_flag": 3, "change_message": ""}}, {"model": "admin.logentry", "pk": 74, "fields": {"action_time": "2025-06-03T12:28:59.773Z", "user": 1, "content_type": 8, "object_id": "37", "object_repr": "Anderson, Sherman and Arroyo - foley.com", "action_flag": 3, "change_message": ""}}, {"model": "admin.logentry", "pk": 75, "fields": {"action_time": "2025-06-03T12:28:59.773Z", "user": 1, "content_type": 8, "object_id": "36", "object_repr": "Rasmussen Group - liu-kim.com", "action_flag": 3, "change_message": ""}}, {"model": "admin.logentry", "pk": 76, "fields": {"action_time": "2025-06-03T12:28:59.773Z", "user": 1, "content_type": 8, "object_id": "35", "object_repr": "Meyer Inc - wyatt-kidd.com", "action_flag": 3, "change_message": ""}}, {"model": "admin.logentry", "pk": 77, "fields": {"action_time": "2025-06-03T12:28:59.773Z", "user": 1, "content_type": 8, "object_id": "34", "object_repr": "Johnson, Osborne and Sanders - mcdonald.info", "action_flag": 3, "change_message": ""}}, {"model": "admin.logentry", "pk": 78, "fields": {"action_time": "2025-06-03T12:28:59.773Z", "user": 1, "content_type": 8, "object_id": "33", "object_repr": "Harris-Moran - ferguson.com", "action_flag": 3, "change_message": ""}}, {"model": "admin.logentry", "pk": 79, "fields": {"action_time": "2025-06-03T12:28:59.773Z", "user": 1, "content_type": 8, "object_id": "32", "object_repr": "Rose, Jordan and Leon - swanson.net", "action_flag": 3, "change_message": ""}}, {"model": "admin.logentry", "pk": 80, "fields": {"action_time": "2025-06-03T12:28:59.773Z", "user": 1, "content_type": 8, "object_id": "31", "object_repr": "Marshall, Hughes and Nash - lewis.com", "action_flag": 3, "change_message": ""}}, {"model": "admin.logentry", "pk": 81, "fields": {"action_time": "2025-06-03T12:28:59.773Z", "user": 1, "content_type": 8, "object_id": "30", "object_repr": "Evans, Bolton and Casey - rivera-haney.biz", "action_flag": 3, "change_message": ""}}, {"model": "admin.logentry", "pk": 82, "fields": {"action_time": "2025-06-03T12:28:59.773Z", "user": 1, "content_type": 8, "object_id": "29", "object_repr": "Sanchez and Sons - atkinson.com", "action_flag": 3, "change_message": ""}}, {"model": "admin.logentry", "pk": 83, "fields": {"action_time": "2025-06-03T12:28:59.773Z", "user": 1, "content_type": 8, "object_id": "28", "object_repr": "Carter, Gonzalez and Medina - kirk.com", "action_flag": 3, "change_message": ""}}, {"model": "admin.logentry", "pk": 84, "fields": {"action_time": "2025-06-03T12:28:59.773Z", "user": 1, "content_type": 8, "object_id": "27", "object_repr": "Bowen-Buck - moore-norris.com", "action_flag": 3, "change_message": ""}}, {"model": "admin.logentry", "pk": 85, "fields": {"action_time": "2025-06-03T12:28:59.773Z", "user": 1, "content_type": 8, "object_id": "26", "object_repr": "Marshall, Hughes and Nash - miller-payne.org", "action_flag": 3, "change_message": ""}}, {"model": "admin.logentry", "pk": 86, "fields": {"action_time": "2025-06-03T12:29:07.053Z", "user": 1, "content_type": 7, "object_id": "84", "object_repr": "Burton Group (kwilliams@example.com)", "action_flag": 3, "change_message": ""}}, {"model": "admin.logentry", "pk": 87, "fields": {"action_time": "2025-06-03T12:29:07.053Z", "user": 1, "content_type": 7, "object_id": "83", "object_repr": "Horton-Schmitt (wheelerchristopher@example.org)", "action_flag": 3, "change_message": ""}}, {"model": "admin.logentry", "pk": 88, "fields": {"action_time": "2025-06-03T12:29:07.053Z", "user": 1, "content_type": 7, "object_id": "82", "object_repr": "Green, Nichols and Sanders (smithlaurie@example.com)", "action_flag": 3, "change_message": ""}}, {"model": "admin.logentry", "pk": 89, "fields": {"action_time": "2025-06-03T12:29:07.053Z", "user": 1, "content_type": 7, "object_id": "81", "object_repr": "Bowen-Buck (sandrabrown@example.com)", "action_flag": 3, "change_message": ""}}, {"model": "admin.logentry", "pk": 90, "fields": {"action_time": "2025-06-03T12:29:07.053Z", "user": 1, "content_type": 7, "object_id": "80", "object_repr": "Brown and Sons (jennifermccormick@example.net)", "action_flag": 3, "change_message": ""}}, {"model": "admin.logentry", "pk": 91, "fields": {"action_time": "2025-06-03T12:29:07.053Z", "user": 1, "content_type": 7, "object_id": "79", "object_repr": "Rasmussen Group (franklinshawn@example.net)", "action_flag": 3, "change_message": ""}}, {"model": "admin.logentry", "pk": 92, "fields": {"action_time": "2025-06-03T12:29:07.053Z", "user": 1, "content_type": 7, "object_id": "78", "object_repr": "Marshall, Hughes and Nash (fterry@example.org)", "action_flag": 3, "change_message": ""}}, {"model": "admin.logentry", "pk": 93, "fields": {"action_time": "2025-06-03T12:29:07.053Z", "user": 1, "content_type": 7, "object_id": "77", "object_repr": "Harris-Knox (haleyjessica@example.net)", "action_flag": 3, "change_message": ""}}, {"model": "admin.logentry", "pk": 94, "fields": {"action_time": "2025-06-03T12:29:07.053Z", "user": 1, "content_type": 7, "object_id": "76", "object_repr": "Evans, Bolton and Casey (dhenry@example.org)", "action_flag": 3, "change_message": ""}}, {"model": "admin.logentry", "pk": 95, "fields": {"action_time": "2025-06-03T12:29:07.053Z", "user": 1, "content_type": 7, "object_id": "75", "object_repr": "Stone, Cox and Davis (franklinkevin@example.org)", "action_flag": 3, "change_message": ""}}, {"model": "admin.logentry", "pk": 96, "fields": {"action_time": "2025-06-03T12:29:07.053Z", "user": 1, "content_type": 7, "object_id": "74", "object_repr": "Davis Group (lancefoster@example.org)", "action_flag": 3, "change_message": ""}}, {"model": "admin.logentry", "pk": 97, "fields": {"action_time": "2025-06-03T12:29:07.053Z", "user": 1, "content_type": 7, "object_id": "73", "object_repr": "Williams-Gallagher (martinkathleen@example.org)", "action_flag": 3, "change_message": ""}}, {"model": "admin.logentry", "pk": 98, "fields": {"action_time": "2025-06-03T12:29:07.053Z", "user": 1, "content_type": 7, "object_id": "72", "object_repr": "Austin, Palmer and Lozano (michelle93@example.net)", "action_flag": 3, "change_message": ""}}, {"model": "admin.logentry", "pk": 99, "fields": {"action_time": "2025-06-03T12:29:07.053Z", "user": 1, "content_type": 7, "object_id": "71", "object_repr": "Rose, Jordan and Leon (bshaw@example.org)", "action_flag": 3, "change_message": ""}}, {"model": "admin.logentry", "pk": 100, "fields": {"action_time": "2025-06-03T12:29:07.053Z", "user": 1, "content_type": 7, "object_id": "70", "object_repr": "Meyer Inc (juliewright@example.org)", "action_flag": 3, "change_message": ""}}, {"model": "admin.logentry", "pk": 101, "fields": {"action_time": "2025-06-03T12:29:07.053Z", "user": 1, "content_type": 7, "object_id": "69", "object_repr": "Spencer, Pope and Simpson (rebecca31@example.org)", "action_flag": 3, "change_message": ""}}, {"model": "admin.logentry", "pk": 102, "fields": {"action_time": "2025-06-03T12:29:07.053Z", "user": 1, "content_type": 7, "object_id": "68", "object_repr": "Wright-Wong (michael22@example.org)", "action_flag": 3, "change_message": ""}}, {"model": "admin.logentry", "pk": 103, "fields": {"action_time": "2025-06-03T12:29:07.053Z", "user": 1, "content_type": 7, "object_id": "67", "object_repr": "Anderson, Sherman and Arroyo (lesliemiller@example.net)", "action_flag": 3, "change_message": ""}}, {"model": "admin.logentry", "pk": 104, "fields": {"action_time": "2025-06-03T12:29:07.053Z", "user": 1, "content_type": 7, "object_id": "66", "object_repr": "Oliver Ltd (laurenstewart@example.com)", "action_flag": 3, "change_message": ""}}, {"model": "admin.logentry", "pk": 105, "fields": {"action_time": "2025-06-03T12:29:07.053Z", "user": 1, "content_type": 7, "object_id": "65", "object_repr": "Simmons, Chapman and Smith (lopezchad@example.com)", "action_flag": 3, "change_message": ""}}, {"model": "admin.logentry", "pk": 106, "fields": {"action_time": "2025-06-03T12:29:07.053Z", "user": 1, "content_type": 7, "object_id": "64", "object_repr": "Hawkins-Nichols (wangdavid@example.com)", "action_flag": 3, "change_message": ""}}, {"model": "admin.logentry", "pk": 107, "fields": {"action_time": "2025-06-03T12:29:07.053Z", "user": 1, "content_type": 7, "object_id": "63", "object_repr": "Lamb and Sons (lisa52@example.com)", "action_flag": 3, "change_message": ""}}, {"model": "admin.logentry", "pk": 108, "fields": {"action_time": "2025-06-03T12:29:07.053Z", "user": 1, "content_type": 7, "object_id": "62", "object_repr": "Horne, Mercer and Gomez (karen42@example.net)", "action_flag": 3, "change_message": ""}}, {"model": "admin.logentry", "pk": 109, "fields": {"action_time": "2025-06-03T12:29:07.053Z", "user": 1, "content_type": 7, "object_id": "61", "object_repr": "Sanchez and Sons (davidbishop@example.net)", "action_flag": 3, "change_message": ""}}, {"model": "admin.logentry", "pk": 110, "fields": {"action_time": "2025-06-03T12:29:07.053Z", "user": 1, "content_type": 7, "object_id": "60", "object_repr": "Coleman, Flores and Cardenas (howellkimberly@example.org)", "action_flag": 3, "change_message": ""}}, {"model": "admin.logentry", "pk": 111, "fields": {"action_time": "2025-06-03T12:29:07.053Z", "user": 1, "content_type": 7, "object_id": "59", "object_repr": "Jackson-Franklin (wjohnson@example.net)", "action_flag": 3, "change_message": ""}}, {"model": "admin.logentry", "pk": 112, "fields": {"action_time": "2025-06-03T12:29:07.053Z", "user": 1, "content_type": 7, "object_id": "58", "object_repr": "Bailey Inc (kimberlyhahn@example.net)", "action_flag": 3, "change_message": ""}}, {"model": "admin.logentry", "pk": 113, "fields": {"action_time": "2025-06-03T12:29:07.053Z", "user": 1, "content_type": 7, "object_id": "57", "object_repr": "Webb-Reed (reyesrenee@example.com)", "action_flag": 3, "change_message": ""}}, {"model": "admin.logentry", "pk": 114, "fields": {"action_time": "2025-06-03T12:29:07.053Z", "user": 1, "content_type": 7, "object_id": "56", "object_repr": "Brown Inc (brownthomas@example.net)", "action_flag": 3, "change_message": ""}}, {"model": "admin.logentry", "pk": 115, "fields": {"action_time": "2025-06-03T12:29:07.053Z", "user": 1, "content_type": 7, "object_id": "55", "object_repr": "Clark, Snow and Salas (ronaldcharles@example.com)", "action_flag": 3, "change_message": ""}}, {"model": "admin.logentry", "pk": 116, "fields": {"action_time": "2025-06-03T12:29:07.053Z", "user": 1, "content_type": 7, "object_id": "54", "object_repr": "Ramirez, Blackwell and Acosta (phillipjackson@example.org)", "action_flag": 3, "change_message": ""}}, {"model": "admin.logentry", "pk": 117, "fields": {"action_time": "2025-06-03T12:29:07.053Z", "user": 1, "content_type": 7, "object_id": "53", "object_repr": "Fisher and Sons (kevinsanchez@example.net)", "action_flag": 3, "change_message": ""}}, {"model": "admin.logentry", "pk": 118, "fields": {"action_time": "2025-06-03T12:29:07.053Z", "user": 1, "content_type": 7, "object_id": "52", "object_repr": "Simmons, Morrow and Morales (alyssabrock@example.org)", "action_flag": 3, "change_message": ""}}, {"model": "admin.logentry", "pk": 119, "fields": {"action_time": "2025-06-03T12:29:07.054Z", "user": 1, "content_type": 7, "object_id": "51", "object_repr": "Carter PLC (benjaminsalazar@example.org)", "action_flag": 3, "change_message": ""}}, {"model": "admin.logentry", "pk": 120, "fields": {"action_time": "2025-06-03T12:29:07.054Z", "user": 1, "content_type": 7, "object_id": "50", "object_repr": "White-Williams (cobbmelanie@example.com)", "action_flag": 3, "change_message": ""}}, {"model": "admin.logentry", "pk": 121, "fields": {"action_time": "2025-06-03T12:29:07.054Z", "user": 1, "content_type": 7, "object_id": "49", "object_repr": "Owens-Sanchez (ronald80@example.net)", "action_flag": 3, "change_message": ""}}, {"model": "admin.logentry", "pk": 122, "fields": {"action_time": "2025-06-03T12:29:07.054Z", "user": 1, "content_type": 7, "object_id": "48", "object_repr": "Brown Ltd (thompsoncharles@example.com)", "action_flag": 3, "change_message": ""}}, {"model": "admin.logentry", "pk": 123, "fields": {"action_time": "2025-06-03T12:29:07.054Z", "user": 1, "content_type": 7, "object_id": "47", "object_repr": "Smith, Conley and Gaines (joshua09@example.net)", "action_flag": 3, "change_message": ""}}, {"model": "admin.logentry", "pk": 124, "fields": {"action_time": "2025-06-03T12:29:07.054Z", "user": 1, "content_type": 7, "object_id": "46", "object_repr": "Harris-Moran (melissa80@example.org)", "action_flag": 3, "change_message": ""}}, {"model": "admin.logentry", "pk": 125, "fields": {"action_time": "2025-06-03T12:29:07.054Z", "user": 1, "content_type": 7, "object_id": "45", "object_repr": "Sanford, Ramirez and Davis (james51@example.com)", "action_flag": 3, "change_message": ""}}, {"model": "admin.logentry", "pk": 126, "fields": {"action_time": "2025-06-03T12:29:07.054Z", "user": 1, "content_type": 7, "object_id": "44", "object_repr": "Carter, Gonzalez and Medina (ashley82@example.net)", "action_flag": 3, "change_message": ""}}, {"model": "admin.logentry", "pk": 127, "fields": {"action_time": "2025-06-03T12:29:07.054Z", "user": 1, "content_type": 7, "object_id": "43", "object_repr": "Roman LLC (joseph34@example.net)", "action_flag": 3, "change_message": ""}}, {"model": "admin.logentry", "pk": 128, "fields": {"action_time": "2025-06-03T12:29:07.054Z", "user": 1, "content_type": 7, "object_id": "42", "object_repr": "Myers, Cunningham and Owen (erinmcclure@example.net)", "action_flag": 3, "change_message": ""}}, {"model": "admin.logentry", "pk": 129, "fields": {"action_time": "2025-06-03T12:29:07.054Z", "user": 1, "content_type": 7, "object_id": "41", "object_repr": "Campbell, Villa and Nichols (skelly@example.org)", "action_flag": 3, "change_message": ""}}, {"model": "admin.logentry", "pk": 130, "fields": {"action_time": "2025-06-03T12:29:07.054Z", "user": 1, "content_type": 7, "object_id": "40", "object_repr": "Patel Group (sanderson@example.org)", "action_flag": 3, "change_message": ""}}, {"model": "admin.logentry", "pk": 131, "fields": {"action_time": "2025-06-03T12:29:07.054Z", "user": 1, "content_type": 7, "object_id": "39", "object_repr": "Jenkins-Oneal (tristan51@example.com)", "action_flag": 3, "change_message": ""}}, {"model": "admin.logentry", "pk": 132, "fields": {"action_time": "2025-06-03T12:29:07.054Z", "user": 1, "content_type": 7, "object_id": "38", "object_repr": "Johnson, Osborne and Sanders (branchariana@example.org)", "action_flag": 3, "change_message": ""}}, {"model": "admin.logentry", "pk": 133, "fields": {"action_time": "2025-06-03T12:29:07.054Z", "user": 1, "content_type": 7, "object_id": "37", "object_repr": "Ramirez Group (alexvazquez@example.com)", "action_flag": 3, "change_message": ""}}, {"model": "admin.logentry", "pk": 134, "fields": {"action_time": "2025-06-03T12:29:07.054Z", "user": 1, "content_type": 7, "object_id": "36", "object_repr": "Berg-Krause (cgraham@example.org)", "action_flag": 3, "change_message": ""}}, {"model": "admin.logentry", "pk": 135, "fields": {"action_time": "2025-06-03T12:29:07.054Z", "user": 1, "content_type": 7, "object_id": "35", "object_repr": "Cantrell-Vega (drakechristopher@example.net)", "action_flag": 3, "change_message": ""}}, {"model": "admin.logentry", "pk": 136, "fields": {"action_time": "2025-06-03T12:33:05.651Z", "user": 1, "content_type": 8, "object_id": "125", "object_repr": "Curry, Floyd and Saunders - patton.biz", "action_flag": 3, "change_message": ""}}, {"model": "admin.logentry", "pk": 137, "fields": {"action_time": "2025-06-03T12:33:05.651Z", "user": 1, "content_type": 8, "object_id": "124", "object_repr": "Jenkins, Watson and Taylor - evans-burgess.com", "action_flag": 3, "change_message": ""}}, {"model": "admin.logentry", "pk": 138, "fields": {"action_time": "2025-06-03T12:33:05.651Z", "user": 1, "content_type": 8, "object_id": "123", "object_repr": "Sutton and Sons - valentine.net", "action_flag": 3, "change_message": ""}}, {"model": "admin.logentry", "pk": 139, "fields": {"action_time": "2025-06-03T12:33:05.651Z", "user": 1, "content_type": 8, "object_id": "122", "object_repr": "Oconnell-Johnson - sanders.com", "action_flag": 3, "change_message": ""}}, {"model": "admin.logentry", "pk": 140, "fields": {"action_time": "2025-06-03T12:33:05.651Z", "user": 1, "content_type": 8, "object_id": "121", "object_repr": "Thomas-Hanna - hall-simmons.com", "action_flag": 3, "change_message": ""}}, {"model": "admin.logentry", "pk": 141, "fields": {"action_time": "2025-06-03T12:33:05.651Z", "user": 1, "content_type": 8, "object_id": "120", "object_repr": "Jenkins, Watson and Taylor - logan.com", "action_flag": 3, "change_message": ""}}, {"model": "admin.logentry", "pk": 142, "fields": {"action_time": "2025-06-03T12:33:05.651Z", "user": 1, "content_type": 8, "object_id": "119", "object_repr": "Rodriguez-Blanchard - watson-garcia.com", "action_flag": 3, "change_message": ""}}, {"model": "admin.logentry", "pk": 143, "fields": {"action_time": "2025-06-03T12:33:05.651Z", "user": 1, "content_type": 8, "object_id": "118", "object_repr": "Simpson-Long - day.com", "action_flag": 3, "change_message": ""}}, {"model": "admin.logentry", "pk": 144, "fields": {"action_time": "2025-06-03T12:33:05.651Z", "user": 1, "content_type": 8, "object_id": "117", "object_repr": "Sutton and Sons - johnson-lopez.info", "action_flag": 3, "change_message": ""}}, {"model": "admin.logentry", "pk": 145, "fields": {"action_time": "2025-06-03T12:33:05.652Z", "user": 1, "content_type": 8, "object_id": "116", "object_repr": "Rodriguez-Blanchard - durham-schultz.com", "action_flag": 3, "change_message": ""}}, {"model": "admin.logentry", "pk": 146, "fields": {"action_time": "2025-06-03T12:33:05.652Z", "user": 1, "content_type": 8, "object_id": "115", "object_repr": "Wilson Ltd - walker.biz", "action_flag": 3, "change_message": ""}}, {"model": "admin.logentry", "pk": 147, "fields": {"action_time": "2025-06-03T12:33:05.652Z", "user": 1, "content_type": 8, "object_id": "114", "object_repr": "Ramos Group - bray-larson.net", "action_flag": 3, "change_message": ""}}, {"model": "admin.logentry", "pk": 148, "fields": {"action_time": "2025-06-03T12:33:05.652Z", "user": 1, "content_type": 8, "object_id": "113", "object_repr": "Vargas, Potter and Smith - glover.com", "action_flag": 3, "change_message": ""}}, {"model": "admin.logentry", "pk": 149, "fields": {"action_time": "2025-06-03T12:33:05.652Z", "user": 1, "content_type": 8, "object_id": "112", "object_repr": "Wilson Ltd - rivera.com", "action_flag": 3, "change_message": ""}}, {"model": "admin.logentry", "pk": 150, "fields": {"action_time": "2025-06-03T12:33:05.652Z", "user": 1, "content_type": 8, "object_id": "111", "object_repr": "Wilson Ltd - clark-stevens.com", "action_flag": 3, "change_message": ""}}, {"model": "admin.logentry", "pk": 151, "fields": {"action_time": "2025-06-03T12:33:05.652Z", "user": 1, "content_type": 8, "object_id": "110", "object_repr": "Jenkins, Watson and Taylor - lee-murray.com", "action_flag": 3, "change_message": ""}}, {"model": "admin.logentry", "pk": 152, "fields": {"action_time": "2025-06-03T12:33:05.652Z", "user": 1, "content_type": 8, "object_id": "109", "object_repr": "Martin LLC - johnson-thornton.com", "action_flag": 3, "change_message": ""}}, {"model": "admin.logentry", "pk": 153, "fields": {"action_time": "2025-06-03T12:33:05.652Z", "user": 1, "content_type": 8, "object_id": "108", "object_repr": "Smith, Wilkins and Mccoy - hampton.com", "action_flag": 3, "change_message": ""}}, {"model": "admin.logentry", "pk": 154, "fields": {"action_time": "2025-06-03T12:33:05.652Z", "user": 1, "content_type": 8, "object_id": "107", "object_repr": "Rodriguez-Blanchard - williamson-allen.org", "action_flag": 3, "change_message": ""}}, {"model": "admin.logentry", "pk": 155, "fields": {"action_time": "2025-06-03T12:33:05.652Z", "user": 1, "content_type": 8, "object_id": "106", "object_repr": "Webb, Brown and Bennett - jordan.com", "action_flag": 3, "change_message": ""}}, {"model": "admin.logentry", "pk": 156, "fields": {"action_time": "2025-06-03T12:33:05.652Z", "user": 1, "content_type": 8, "object_id": "105", "object_repr": "Martin LLC - dalton-knight.biz", "action_flag": 3, "change_message": ""}}, {"model": "admin.logentry", "pk": 157, "fields": {"action_time": "2025-06-03T12:33:05.652Z", "user": 1, "content_type": 8, "object_id": "104", "object_repr": "Rodriguez-Blanchard - pineda.com", "action_flag": 3, "change_message": ""}}, {"model": "admin.logentry", "pk": 158, "fields": {"action_time": "2025-06-03T12:33:05.652Z", "user": 1, "content_type": 8, "object_id": "103", "object_repr": "Lyons-Ramirez - brewer.com", "action_flag": 3, "change_message": ""}}, {"model": "admin.logentry", "pk": 159, "fields": {"action_time": "2025-06-03T12:33:05.652Z", "user": 1, "content_type": 8, "object_id": "102", "object_repr": "Simpson-Long - gamble.com", "action_flag": 3, "change_message": ""}}, {"model": "admin.logentry", "pk": 160, "fields": {"action_time": "2025-06-03T12:33:05.652Z", "user": 1, "content_type": 8, "object_id": "101", "object_repr": "Rivas, Dean and Cooke - garcia-west.com", "action_flag": 3, "change_message": ""}}, {"model": "admin.logentry", "pk": 161, "fields": {"action_time": "2025-06-03T12:33:05.652Z", "user": 1, "content_type": 8, "object_id": "100", "object_repr": "Martin LLC - walters-zimmerman.com", "action_flag": 3, "change_message": ""}}, {"model": "admin.logentry", "pk": 162, "fields": {"action_time": "2025-06-03T12:33:05.652Z", "user": 1, "content_type": 8, "object_id": "99", "object_repr": "Stephens PLC - davis.org", "action_flag": 3, "change_message": ""}}, {"model": "admin.logentry", "pk": 163, "fields": {"action_time": "2025-06-03T12:33:05.652Z", "user": 1, "content_type": 8, "object_id": "98", "object_repr": "Thomas-Hanna - jimenez-kim.com", "action_flag": 3, "change_message": ""}}, {"model": "admin.logentry", "pk": 164, "fields": {"action_time": "2025-06-03T12:33:05.652Z", "user": 1, "content_type": 8, "object_id": "97", "object_repr": "Smith, Wilkins and Mccoy - hanna-cruz.com", "action_flag": 3, "change_message": ""}}, {"model": "admin.logentry", "pk": 165, "fields": {"action_time": "2025-06-03T12:33:05.652Z", "user": 1, "content_type": 8, "object_id": "96", "object_repr": "Martin LLC - bowman.com", "action_flag": 3, "change_message": ""}}, {"model": "admin.logentry", "pk": 166, "fields": {"action_time": "2025-06-03T12:33:05.652Z", "user": 1, "content_type": 8, "object_id": "95", "object_repr": "Morales Inc - stewart-harrington.biz", "action_flag": 3, "change_message": ""}}, {"model": "admin.logentry", "pk": 167, "fields": {"action_time": "2025-06-03T12:33:05.653Z", "user": 1, "content_type": 8, "object_id": "94", "object_repr": "Morales Inc - henry.biz", "action_flag": 3, "change_message": ""}}, {"model": "admin.logentry", "pk": 168, "fields": {"action_time": "2025-06-03T12:33:05.653Z", "user": 1, "content_type": 8, "object_id": "93", "object_repr": "Ramos Group - hunt.com", "action_flag": 3, "change_message": ""}}, {"model": "admin.logentry", "pk": 169, "fields": {"action_time": "2025-06-03T12:33:05.653Z", "user": 1, "content_type": 8, "object_id": "92", "object_repr": "Stephens PLC - nguyen-rodriguez.biz", "action_flag": 3, "change_message": ""}}, {"model": "admin.logentry", "pk": 170, "fields": {"action_time": "2025-06-03T12:33:05.653Z", "user": 1, "content_type": 8, "object_id": "91", "object_repr": "Curry, Floyd and Saunders - wise.biz", "action_flag": 3, "change_message": ""}}, {"model": "admin.logentry", "pk": 171, "fields": {"action_time": "2025-06-03T12:33:05.653Z", "user": 1, "content_type": 8, "object_id": "90", "object_repr": "Lane-Sandoval - white.com", "action_flag": 3, "change_message": ""}}, {"model": "admin.logentry", "pk": 172, "fields": {"action_time": "2025-06-03T12:33:05.653Z", "user": 1, "content_type": 8, "object_id": "89", "object_repr": "Ortiz, Andrews and Hall - jones.info", "action_flag": 3, "change_message": ""}}, {"model": "admin.logentry", "pk": 173, "fields": {"action_time": "2025-06-03T12:33:05.653Z", "user": 1, "content_type": 8, "object_id": "88", "object_repr": "Smith, Wilkins and Mccoy - gilbert-campbell.com", "action_flag": 3, "change_message": ""}}, {"model": "admin.logentry", "pk": 174, "fields": {"action_time": "2025-06-03T12:33:05.653Z", "user": 1, "content_type": 8, "object_id": "87", "object_repr": "Rivas, Dean and Cooke - nguyen.info", "action_flag": 3, "change_message": ""}}, {"model": "admin.logentry", "pk": 175, "fields": {"action_time": "2025-06-03T12:33:05.653Z", "user": 1, "content_type": 8, "object_id": "86", "object_repr": "Padilla and Sons - fowler.info", "action_flag": 3, "change_message": ""}}, {"model": "admin.logentry", "pk": 176, "fields": {"action_time": "2025-06-03T12:33:05.653Z", "user": 1, "content_type": 8, "object_id": "85", "object_repr": "Lyons-Ramirez - skinner-hayes.com", "action_flag": 3, "change_message": ""}}, {"model": "admin.logentry", "pk": 177, "fields": {"action_time": "2025-06-03T12:33:05.653Z", "user": 1, "content_type": 8, "object_id": "84", "object_repr": "Ramos Group - martin.net", "action_flag": 3, "change_message": ""}}, {"model": "admin.logentry", "pk": 178, "fields": {"action_time": "2025-06-03T12:33:05.653Z", "user": 1, "content_type": 8, "object_id": "83", "object_repr": "Webb, Brown and Bennett - long-choi.info", "action_flag": 3, "change_message": ""}}, {"model": "admin.logentry", "pk": 179, "fields": {"action_time": "2025-06-03T12:33:05.653Z", "user": 1, "content_type": 8, "object_id": "82", "object_repr": "Morales Inc - black.com", "action_flag": 3, "change_message": ""}}, {"model": "admin.logentry", "pk": 180, "fields": {"action_time": "2025-06-03T12:33:05.653Z", "user": 1, "content_type": 8, "object_id": "81", "object_repr": "Evans-Watts - wright.com", "action_flag": 3, "change_message": ""}}, {"model": "admin.logentry", "pk": 181, "fields": {"action_time": "2025-06-03T12:33:05.653Z", "user": 1, "content_type": 8, "object_id": "80", "object_repr": "Rivas, Dean and Cooke - francis.com", "action_flag": 3, "change_message": ""}}, {"model": "admin.logentry", "pk": 182, "fields": {"action_time": "2025-06-03T12:33:05.653Z", "user": 1, "content_type": 8, "object_id": "79", "object_repr": "Lane-Sandoval - wilson-flores.com", "action_flag": 3, "change_message": ""}}, {"model": "admin.logentry", "pk": 183, "fields": {"action_time": "2025-06-03T12:33:05.653Z", "user": 1, "content_type": 8, "object_id": "78", "object_repr": "Webb, Brown and Bennett - morgan-cummings.com", "action_flag": 3, "change_message": ""}}, {"model": "admin.logentry", "pk": 184, "fields": {"action_time": "2025-06-03T12:33:05.653Z", "user": 1, "content_type": 8, "object_id": "77", "object_repr": "Simpson-Long - cooper-lawrence.com", "action_flag": 3, "change_message": ""}}, {"model": "admin.logentry", "pk": 185, "fields": {"action_time": "2025-06-03T12:33:05.653Z", "user": 1, "content_type": 8, "object_id": "76", "object_repr": "Rivas, Dean and Cooke - hayden-shelton.com", "action_flag": 3, "change_message": ""}}, {"model": "admin.logentry", "pk": 186, "fields": {"action_time": "2025-06-03T12:33:14.668Z", "user": 1, "content_type": 7, "object_id": "109", "object_repr": "Padilla and Sons (rileydavid@example.com)", "action_flag": 3, "change_message": ""}}, {"model": "admin.logentry", "pk": 187, "fields": {"action_time": "2025-06-03T12:33:14.668Z", "user": 1, "content_type": 7, "object_id": "108", "object_repr": "Ramos Group (clarkekelly@example.org)", "action_flag": 3, "change_message": ""}}, {"model": "admin.logentry", "pk": 188, "fields": {"action_time": "2025-06-03T12:33:14.668Z", "user": 1, "content_type": 7, "object_id": "107", "object_repr": "Webb, Brown and Bennett (matthew55@example.org)", "action_flag": 3, "change_message": ""}}, {"model": "admin.logentry", "pk": 189, "fields": {"action_time": "2025-06-03T12:33:14.668Z", "user": 1, "content_type": 7, "object_id": "106", "object_repr": "Curry, Floyd and Saunders (kathysmith@example.org)", "action_flag": 3, "change_message": ""}}, {"model": "admin.logentry", "pk": 190, "fields": {"action_time": "2025-06-03T12:33:14.668Z", "user": 1, "content_type": 7, "object_id": "105", "object_repr": "Lyons-Ramirez (cshields@example.net)", "action_flag": 3, "change_message": ""}}, {"model": "admin.logentry", "pk": 191, "fields": {"action_time": "2025-06-03T12:33:14.668Z", "user": 1, "content_type": 7, "object_id": "104", "object_repr": "Jenkins, Watson and Taylor (ross13@example.net)", "action_flag": 3, "change_message": ""}}, {"model": "admin.logentry", "pk": 192, "fields": {"action_time": "2025-06-03T12:33:14.668Z", "user": 1, "content_type": 7, "object_id": "103", "object_repr": "Simpson-Long (jwallace@example.net)", "action_flag": 3, "change_message": ""}}, {"model": "admin.logentry", "pk": 193, "fields": {"action_time": "2025-06-03T12:33:14.668Z", "user": 1, "content_type": 7, "object_id": "102", "object_repr": "Lane-Sandoval (simsgabriel@example.com)", "action_flag": 3, "change_message": ""}}, {"model": "admin.logentry", "pk": 194, "fields": {"action_time": "2025-06-03T12:33:14.668Z", "user": 1, "content_type": 7, "object_id": "101", "object_repr": "Thomas-Hanna (nathanneal@example.com)", "action_flag": 3, "change_message": ""}}, {"model": "admin.logentry", "pk": 195, "fields": {"action_time": "2025-06-03T12:33:14.668Z", "user": 1, "content_type": 7, "object_id": "100", "object_repr": "Oconnell-Johnson (marydavies@example.net)", "action_flag": 3, "change_message": ""}}, {"model": "admin.logentry", "pk": 196, "fields": {"action_time": "2025-06-03T12:33:14.668Z", "user": 1, "content_type": 7, "object_id": "99", "object_repr": "Campbell, Kane and Morton (barbara60@example.com)", "action_flag": 3, "change_message": ""}}, {"model": "admin.logentry", "pk": 197, "fields": {"action_time": "2025-06-03T12:33:14.668Z", "user": 1, "content_type": 7, "object_id": "98", "object_repr": "Wilson Ltd (georgeabigail@example.org)", "action_flag": 3, "change_message": ""}}, {"model": "admin.logentry", "pk": 198, "fields": {"action_time": "2025-06-03T12:33:14.668Z", "user": 1, "content_type": 7, "object_id": "97", "object_repr": "Stephens PLC (fruiz@example.org)", "action_flag": 3, "change_message": ""}}, {"model": "admin.logentry", "pk": 199, "fields": {"action_time": "2025-06-03T12:33:14.668Z", "user": 1, "content_type": 7, "object_id": "96", "object_repr": "Rivas, Dean and Cooke (edward51@example.net)", "action_flag": 3, "change_message": ""}}, {"model": "admin.logentry", "pk": 200, "fields": {"action_time": "2025-06-03T12:33:14.668Z", "user": 1, "content_type": 7, "object_id": "95", "object_repr": "Ortiz, Andrews and Hall (amandagomez@example.net)", "action_flag": 3, "change_message": ""}}, {"model": "admin.logentry", "pk": 201, "fields": {"action_time": "2025-06-03T12:33:14.668Z", "user": 1, "content_type": 7, "object_id": "94", "object_repr": "Morales Inc (heather51@example.com)", "action_flag": 3, "change_message": ""}}, {"model": "admin.logentry", "pk": 202, "fields": {"action_time": "2025-06-03T12:33:14.668Z", "user": 1, "content_type": 7, "object_id": "93", "object_repr": "Smith, Wilkins and Mccoy (montesrobert@example.com)", "action_flag": 3, "change_message": ""}}, {"model": "admin.logentry", "pk": 203, "fields": {"action_time": "2025-06-03T12:33:14.668Z", "user": 1, "content_type": 7, "object_id": "92", "object_repr": "Curry, Kim and Sparks (michael81@example.org)", "action_flag": 3, "change_message": ""}}, {"model": "admin.logentry", "pk": 204, "fields": {"action_time": "2025-06-03T12:33:14.668Z", "user": 1, "content_type": 7, "object_id": "91", "object_repr": "Wong-Decker (lisa18@example.com)", "action_flag": 3, "change_message": ""}}, {"model": "admin.logentry", "pk": 205, "fields": {"action_time": "2025-06-03T12:33:14.668Z", "user": 1, "content_type": 7, "object_id": "90", "object_repr": "Rodriguez-Blanchard (tylerchoi@example.net)", "action_flag": 3, "change_message": ""}}, {"model": "admin.logentry", "pk": 206, "fields": {"action_time": "2025-06-03T12:33:14.668Z", "user": 1, "content_type": 7, "object_id": "89", "object_repr": "Martin LLC (joe33@example.net)", "action_flag": 3, "change_message": ""}}, {"model": "admin.logentry", "pk": 207, "fields": {"action_time": "2025-06-03T12:33:14.668Z", "user": 1, "content_type": 7, "object_id": "88", "object_repr": "Vargas, Potter and Smith (susanellis@example.com)", "action_flag": 3, "change_message": ""}}, {"model": "admin.logentry", "pk": 208, "fields": {"action_time": "2025-06-03T12:33:14.668Z", "user": 1, "content_type": 7, "object_id": "87", "object_repr": "Evans-Watts (krystal76@example.net)", "action_flag": 3, "change_message": ""}}, {"model": "admin.logentry", "pk": 209, "fields": {"action_time": "2025-06-03T12:33:14.668Z", "user": 1, "content_type": 7, "object_id": "86", "object_repr": "Sutton and Sons (robertsjoseph@example.net)", "action_flag": 3, "change_message": ""}}, {"model": "admin.logentry", "pk": 210, "fields": {"action_time": "2025-06-03T12:33:14.668Z", "user": 1, "content_type": 7, "object_id": "85", "object_repr": "Jones, Bell and Lopez (tuckerrichard@example.com)", "action_flag": 3, "change_message": ""}}, {"model": "admin.logentry", "pk": 211, "fields": {"action_time": "2025-06-03T12:34:42.024Z", "user": 1, "content_type": 8, "object_id": "175", "object_repr": "French, Shaffer and Chase - carr.org", "action_flag": 3, "change_message": ""}}, {"model": "admin.logentry", "pk": 212, "fields": {"action_time": "2025-06-03T12:34:42.024Z", "user": 1, "content_type": 8, "object_id": "174", "object_repr": "Garcia, Jones and Andersen - murphy.com", "action_flag": 3, "change_message": ""}}, {"model": "admin.logentry", "pk": 213, "fields": {"action_time": "2025-06-03T12:34:42.024Z", "user": 1, "content_type": 8, "object_id": "173", "object_repr": "Schwartz-Jones - keller-wyatt.net", "action_flag": 3, "change_message": ""}}, {"model": "admin.logentry", "pk": 214, "fields": {"action_time": "2025-06-03T12:34:42.024Z", "user": 1, "content_type": 8, "object_id": "172", "object_repr": "Fletcher, Cohen and Robinson - garrison.biz", "action_flag": 3, "change_message": ""}}, {"model": "admin.logentry", "pk": 215, "fields": {"action_time": "2025-06-03T12:34:42.024Z", "user": 1, "content_type": 8, "object_id": "171", "object_repr": "Gomez and Sons - willis.com", "action_flag": 3, "change_message": ""}}, {"model": "admin.logentry", "pk": 216, "fields": {"action_time": "2025-06-03T12:34:42.024Z", "user": 1, "content_type": 8, "object_id": "170", "object_repr": "Ramirez, Peters and Marsh - cherry-porter.com", "action_flag": 3, "change_message": ""}}, {"model": "admin.logentry", "pk": 217, "fields": {"action_time": "2025-06-03T12:34:42.024Z", "user": 1, "content_type": 8, "object_id": "169", "object_repr": "Fleming Ltd - shaffer.com", "action_flag": 3, "change_message": ""}}, {"model": "admin.logentry", "pk": 218, "fields": {"action_time": "2025-06-03T12:34:42.024Z", "user": 1, "content_type": 8, "object_id": "168", "object_repr": "Diaz, Schultz and Shelton - gibson.org", "action_flag": 3, "change_message": ""}}, {"model": "admin.logentry", "pk": 219, "fields": {"action_time": "2025-06-03T12:34:42.024Z", "user": 1, "content_type": 8, "object_id": "167", "object_repr": "Robertson, King and Cook - neal.com", "action_flag": 3, "change_message": ""}}, {"model": "admin.logentry", "pk": 220, "fields": {"action_time": "2025-06-03T12:34:42.024Z", "user": 1, "content_type": 8, "object_id": "166", "object_repr": "Camacho LLC - thompson.com", "action_flag": 3, "change_message": ""}}, {"model": "admin.logentry", "pk": 221, "fields": {"action_time": "2025-06-03T12:34:42.024Z", "user": 1, "content_type": 8, "object_id": "165", "object_repr": "Evans, Frank and Moore - hernandez-adams.biz", "action_flag": 3, "change_message": ""}}, {"model": "admin.logentry", "pk": 222, "fields": {"action_time": "2025-06-03T12:34:42.024Z", "user": 1, "content_type": 8, "object_id": "164", "object_repr": "Fleming Ltd - patterson.info", "action_flag": 3, "change_message": ""}}, {"model": "admin.logentry", "pk": 223, "fields": {"action_time": "2025-06-03T12:34:42.024Z", "user": 1, "content_type": 8, "object_id": "163", "object_repr": "Rogers Group - harris.biz", "action_flag": 3, "change_message": ""}}, {"model": "admin.logentry", "pk": 224, "fields": {"action_time": "2025-06-03T12:34:42.024Z", "user": 1, "content_type": 8, "object_id": "162", "object_repr": "Schwartz-Jones - keller-smith.org", "action_flag": 3, "change_message": ""}}, {"model": "admin.logentry", "pk": 225, "fields": {"action_time": "2025-06-03T12:34:42.024Z", "user": 1, "content_type": 8, "object_id": "161", "object_repr": "Ortiz, Barnes and Stephens - reyes-brooks.com", "action_flag": 3, "change_message": ""}}, {"model": "admin.logentry", "pk": 226, "fields": {"action_time": "2025-06-03T12:34:42.024Z", "user": 1, "content_type": 8, "object_id": "160", "object_repr": "Rogers Group - owens.net", "action_flag": 3, "change_message": ""}}, {"model": "admin.logentry", "pk": 227, "fields": {"action_time": "2025-06-03T12:34:42.024Z", "user": 1, "content_type": 8, "object_id": "159", "object_repr": "Camacho LLC - webb.com", "action_flag": 3, "change_message": ""}}, {"model": "admin.logentry", "pk": 228, "fields": {"action_time": "2025-06-03T12:34:42.024Z", "user": 1, "content_type": 8, "object_id": "158", "object_repr": "Garcia, Jones and Andersen - brooks.com", "action_flag": 3, "change_message": ""}}, {"model": "admin.logentry", "pk": 229, "fields": {"action_time": "2025-06-03T12:34:42.024Z", "user": 1, "content_type": 8, "object_id": "157", "object_repr": "Fox-Smith - olson-chavez.biz", "action_flag": 3, "change_message": ""}}, {"model": "admin.logentry", "pk": 230, "fields": {"action_time": "2025-06-03T12:34:42.024Z", "user": 1, "content_type": 8, "object_id": "156", "object_repr": "Herrera, Gilmore and Diaz - tucker.com", "action_flag": 3, "change_message": ""}}, {"model": "admin.logentry", "pk": 231, "fields": {"action_time": "2025-06-03T12:34:42.024Z", "user": 1, "content_type": 8, "object_id": "155", "object_repr": "Ramirez, Peters and Marsh - jones.org", "action_flag": 3, "change_message": ""}}, {"model": "admin.logentry", "pk": 232, "fields": {"action_time": "2025-06-03T12:34:42.024Z", "user": 1, "content_type": 8, "object_id": "154", "object_repr": "Fleming Ltd - smith.info", "action_flag": 3, "change_message": ""}}, {"model": "admin.logentry", "pk": 233, "fields": {"action_time": "2025-06-03T12:34:42.024Z", "user": 1, "content_type": 8, "object_id": "153", "object_repr": "Cook LLC - george-pham.com", "action_flag": 3, "change_message": ""}}, {"model": "admin.logentry", "pk": 234, "fields": {"action_time": "2025-06-03T12:34:42.024Z", "user": 1, "content_type": 8, "object_id": "152", "object_repr": "Ramirez, Peters and Marsh - garcia-cooper.com", "action_flag": 3, "change_message": ""}}, {"model": "admin.logentry", "pk": 235, "fields": {"action_time": "2025-06-03T12:34:42.024Z", "user": 1, "content_type": 8, "object_id": "151", "object_repr": "Camacho LLC - berry.com", "action_flag": 3, "change_message": ""}}, {"model": "admin.logentry", "pk": 236, "fields": {"action_time": "2025-06-03T12:34:42.024Z", "user": 1, "content_type": 8, "object_id": "150", "object_repr": "Obrien-Berg - sellers.biz", "action_flag": 3, "change_message": ""}}, {"model": "admin.logentry", "pk": 237, "fields": {"action_time": "2025-06-03T12:34:42.024Z", "user": 1, "content_type": 8, "object_id": "149", "object_repr": "Ortiz, Barnes and Stephens - brown.com", "action_flag": 3, "change_message": ""}}, {"model": "admin.logentry", "pk": 238, "fields": {"action_time": "2025-06-03T12:34:42.024Z", "user": 1, "content_type": 8, "object_id": "148", "object_repr": "Fox-Smith - oconnor-robinson.biz", "action_flag": 3, "change_message": ""}}, {"model": "admin.logentry", "pk": 239, "fields": {"action_time": "2025-06-03T12:34:42.024Z", "user": 1, "content_type": 8, "object_id": "147", "object_repr": "Gomez and Sons - johnson.com", "action_flag": 3, "change_message": ""}}, {"model": "admin.logentry", "pk": 240, "fields": {"action_time": "2025-06-03T12:34:42.024Z", "user": 1, "content_type": 8, "object_id": "146", "object_repr": "Garcia, Jones and Andersen - bryant.com", "action_flag": 3, "change_message": ""}}, {"model": "admin.logentry", "pk": 241, "fields": {"action_time": "2025-06-03T12:34:42.024Z", "user": 1, "content_type": 8, "object_id": "145", "object_repr": "Romero, Sharp and Young - meyer-lamb.com", "action_flag": 3, "change_message": ""}}, {"model": "admin.logentry", "pk": 242, "fields": {"action_time": "2025-06-03T12:34:42.024Z", "user": 1, "content_type": 8, "object_id": "144", "object_repr": "Lucas PLC - gonzalez.com", "action_flag": 3, "change_message": ""}}, {"model": "admin.logentry", "pk": 243, "fields": {"action_time": "2025-06-03T12:34:42.024Z", "user": 1, "content_type": 8, "object_id": "143", "object_repr": "Baxter LLC - jackson.com", "action_flag": 3, "change_message": ""}}, {"model": "admin.logentry", "pk": 244, "fields": {"action_time": "2025-06-03T12:34:42.024Z", "user": 1, "content_type": 8, "object_id": "142", "object_repr": "Ortiz, Barnes and Stephens - deleon.org", "action_flag": 3, "change_message": ""}}, {"model": "admin.logentry", "pk": 245, "fields": {"action_time": "2025-06-03T12:34:42.024Z", "user": 1, "content_type": 8, "object_id": "141", "object_repr": "Cook LLC - price.com", "action_flag": 3, "change_message": ""}}, {"model": "admin.logentry", "pk": 246, "fields": {"action_time": "2025-06-03T12:34:42.024Z", "user": 1, "content_type": 8, "object_id": "140", "object_repr": "Diaz, Schultz and Shelton - adams.info", "action_flag": 3, "change_message": ""}}, {"model": "admin.logentry", "pk": 247, "fields": {"action_time": "2025-06-03T12:34:42.024Z", "user": 1, "content_type": 8, "object_id": "139", "object_repr": "Camacho LLC - vega-stewart.info", "action_flag": 3, "change_message": ""}}, {"model": "admin.logentry", "pk": 248, "fields": {"action_time": "2025-06-03T12:34:42.024Z", "user": 1, "content_type": 8, "object_id": "138", "object_repr": "Lucas PLC - figueroa-barton.info", "action_flag": 3, "change_message": ""}}, {"model": "admin.logentry", "pk": 249, "fields": {"action_time": "2025-06-03T12:34:42.024Z", "user": 1, "content_type": 8, "object_id": "137", "object_repr": "Rogers Group - olsen-foster.com", "action_flag": 3, "change_message": ""}}, {"model": "admin.logentry", "pk": 250, "fields": {"action_time": "2025-06-03T12:34:42.024Z", "user": 1, "content_type": 8, "object_id": "136", "object_repr": "Williams Inc - dyer-nelson.com", "action_flag": 3, "change_message": ""}}, {"model": "admin.logentry", "pk": 251, "fields": {"action_time": "2025-06-03T12:34:42.024Z", "user": 1, "content_type": 8, "object_id": "135", "object_repr": "Baxter LLC - rios.org", "action_flag": 3, "change_message": ""}}, {"model": "admin.logentry", "pk": 252, "fields": {"action_time": "2025-06-03T12:34:42.024Z", "user": 1, "content_type": 8, "object_id": "134", "object_repr": "Ortiz, Barnes and Stephens - lindsey-brown.com", "action_flag": 3, "change_message": ""}}, {"model": "admin.logentry", "pk": 253, "fields": {"action_time": "2025-06-03T12:34:42.024Z", "user": 1, "content_type": 8, "object_id": "133", "object_repr": "Bryant Group - ryan-thomas.com", "action_flag": 3, "change_message": ""}}, {"model": "admin.logentry", "pk": 254, "fields": {"action_time": "2025-06-03T12:34:42.025Z", "user": 1, "content_type": 8, "object_id": "132", "object_repr": "Gomez and Sons - ward-wells.net", "action_flag": 3, "change_message": ""}}, {"model": "admin.logentry", "pk": 255, "fields": {"action_time": "2025-06-03T12:34:42.025Z", "user": 1, "content_type": 8, "object_id": "131", "object_repr": "Pace, Lane and Stevens - watson-byrd.biz", "action_flag": 3, "change_message": ""}}, {"model": "admin.logentry", "pk": 256, "fields": {"action_time": "2025-06-03T12:34:42.025Z", "user": 1, "content_type": 8, "object_id": "130", "object_repr": "Rogers Group - perez.net", "action_flag": 3, "change_message": ""}}, {"model": "admin.logentry", "pk": 257, "fields": {"action_time": "2025-06-03T12:34:42.025Z", "user": 1, "content_type": 8, "object_id": "129", "object_repr": "Fox-Smith - price-butler.com", "action_flag": 3, "change_message": ""}}, {"model": "admin.logentry", "pk": 258, "fields": {"action_time": "2025-06-03T12:34:42.025Z", "user": 1, "content_type": 8, "object_id": "128", "object_repr": "Ortiz, Barnes and Stephens - hall-lewis.com", "action_flag": 3, "change_message": ""}}, {"model": "admin.logentry", "pk": 259, "fields": {"action_time": "2025-06-03T12:34:42.025Z", "user": 1, "content_type": 8, "object_id": "127", "object_repr": "Cook LLC - warner.info", "action_flag": 3, "change_message": ""}}, {"model": "admin.logentry", "pk": 260, "fields": {"action_time": "2025-06-03T12:34:42.025Z", "user": 1, "content_type": 8, "object_id": "126", "object_repr": "Walter, Lewis and Carter - harrison.net", "action_flag": 3, "change_message": ""}}, {"model": "admin.logentry", "pk": 261, "fields": {"action_time": "2025-06-03T12:34:50.352Z", "user": 1, "content_type": 7, "object_id": "134", "object_repr": "Baxter LLC (evansjustin@example.net)", "action_flag": 3, "change_message": ""}}, {"model": "admin.logentry", "pk": 262, "fields": {"action_time": "2025-06-03T12:34:50.353Z", "user": 1, "content_type": 7, "object_id": "133", "object_repr": "Fox-Smith (hernandezpeter@example.net)", "action_flag": 3, "change_message": ""}}, {"model": "admin.logentry", "pk": 263, "fields": {"action_time": "2025-06-03T12:34:50.353Z", "user": 1, "content_type": 7, "object_id": "132", "object_repr": "French, Shaffer and Chase (jacksonlopez@example.org)", "action_flag": 3, "change_message": ""}}, {"model": "admin.logentry", "pk": 264, "fields": {"action_time": "2025-06-03T12:34:50.353Z", "user": 1, "content_type": 7, "object_id": "131", "object_repr": "Romero, Sharp and Young (fostermatthew@example.org)", "action_flag": 3, "change_message": ""}}, {"model": "admin.logentry", "pk": 265, "fields": {"action_time": "2025-06-03T12:34:50.353Z", "user": 1, "content_type": 7, "object_id": "130", "object_repr": "Diaz, Schultz and Shelton (ganderson@example.com)", "action_flag": 3, "change_message": ""}}, {"model": "admin.logentry", "pk": 266, "fields": {"action_time": "2025-06-03T12:34:50.353Z", "user": 1, "content_type": 7, "object_id": "129", "object_repr": "Day-Blair (shermandonald@example.net)", "action_flag": 3, "change_message": ""}}, {"model": "admin.logentry", "pk": 267, "fields": {"action_time": "2025-06-03T12:34:50.353Z", "user": 1, "content_type": 7, "object_id": "128", "object_repr": "Evans, Frank and Moore (amanda95@example.net)", "action_flag": 3, "change_message": ""}}, {"model": "admin.logentry", "pk": 268, "fields": {"action_time": "2025-06-03T12:34:50.353Z", "user": 1, "content_type": 7, "object_id": "127", "object_repr": "Herrera, Gilmore and Diaz (swallace@example.net)", "action_flag": 3, "change_message": ""}}, {"model": "admin.logentry", "pk": 269, "fields": {"action_time": "2025-06-03T12:34:50.353Z", "user": 1, "content_type": 7, "object_id": "126", "object_repr": "Robertson, King and Cook (williamsbrandon@example.net)", "action_flag": 3, "change_message": ""}}, {"model": "admin.logentry", "pk": 270, "fields": {"action_time": "2025-06-03T12:34:50.353Z", "user": 1, "content_type": 7, "object_id": "125", "object_repr": "Gomez and Sons (tonyhanna@example.net)", "action_flag": 3, "change_message": ""}}, {"model": "admin.logentry", "pk": 271, "fields": {"action_time": "2025-06-03T12:34:50.353Z", "user": 1, "content_type": 7, "object_id": "124", "object_repr": "Ortiz, Barnes and Stephens (lori99@example.org)", "action_flag": 3, "change_message": ""}}, {"model": "admin.logentry", "pk": 272, "fields": {"action_time": "2025-06-03T12:34:50.353Z", "user": 1, "content_type": 7, "object_id": "123", "object_repr": "Rogers Group (hodgetheresa@example.com)", "action_flag": 3, "change_message": ""}}, {"model": "admin.logentry", "pk": 273, "fields": {"action_time": "2025-06-03T12:34:50.353Z", "user": 1, "content_type": 7, "object_id": "122", "object_repr": "Ramirez, Peters and Marsh (foxalexander@example.org)", "action_flag": 3, "change_message": ""}}, {"model": "admin.logentry", "pk": 274, "fields": {"action_time": "2025-06-03T12:34:50.353Z", "user": 1, "content_type": 7, "object_id": "121", "object_repr": "Fleming Ltd (meyersmary@example.net)", "action_flag": 3, "change_message": ""}}, {"model": "admin.logentry", "pk": 275, "fields": {"action_time": "2025-06-03T12:34:50.353Z", "user": 1, "content_type": 7, "object_id": "120", "object_repr": "Schwartz-Jones (johnkim@example.com)", "action_flag": 3, "change_message": ""}}, {"model": "admin.logentry", "pk": 276, "fields": {"action_time": "2025-06-03T12:34:50.353Z", "user": 1, "content_type": 7, "object_id": "119", "object_repr": "Obrien-Berg (lisa54@example.com)", "action_flag": 3, "change_message": ""}}, {"model": "admin.logentry", "pk": 277, "fields": {"action_time": "2025-06-03T12:34:50.353Z", "user": 1, "content_type": 7, "object_id": "118", "object_repr": "Fletcher, Cohen and Robinson (andersonkimberly@example.org)", "action_flag": 3, "change_message": ""}}, {"model": "admin.logentry", "pk": 278, "fields": {"action_time": "2025-06-03T12:34:50.353Z", "user": 1, "content_type": 7, "object_id": "117", "object_repr": "Cook LLC (kevinbutler@example.org)", "action_flag": 3, "change_message": ""}}, {"model": "admin.logentry", "pk": 279, "fields": {"action_time": "2025-06-03T12:34:50.353Z", "user": 1, "content_type": 7, "object_id": "116", "object_repr": "Pace, Lane and Stevens (tara88@example.org)", "action_flag": 3, "change_message": ""}}, {"model": "admin.logentry", "pk": 280, "fields": {"action_time": "2025-06-03T12:34:50.353Z", "user": 1, "content_type": 7, "object_id": "115", "object_repr": "Lucas PLC (ericking@example.org)", "action_flag": 3, "change_message": ""}}, {"model": "admin.logentry", "pk": 281, "fields": {"action_time": "2025-06-03T12:34:50.353Z", "user": 1, "content_type": 7, "object_id": "114", "object_repr": "Garcia, Jones and Andersen (lmartinez@example.net)", "action_flag": 3, "change_message": ""}}, {"model": "admin.logentry", "pk": 282, "fields": {"action_time": "2025-06-03T12:34:50.353Z", "user": 1, "content_type": 7, "object_id": "113", "object_repr": "Williams Inc (tranlori@example.org)", "action_flag": 3, "change_message": ""}}, {"model": "admin.logentry", "pk": 283, "fields": {"action_time": "2025-06-03T12:34:50.353Z", "user": 1, "content_type": 7, "object_id": "112", "object_repr": "Camacho LLC (anthony42@example.com)", "action_flag": 3, "change_message": ""}}, {"model": "admin.logentry", "pk": 284, "fields": {"action_time": "2025-06-03T12:34:50.353Z", "user": 1, "content_type": 7, "object_id": "111", "object_repr": "Bryant Group (vasquezangela@example.com)", "action_flag": 3, "change_message": ""}}, {"model": "admin.logentry", "pk": 285, "fields": {"action_time": "2025-06-03T12:34:50.353Z", "user": 1, "content_type": 7, "object_id": "110", "object_repr": "Walter, Lewis and Carter (dschmidt@example.com)", "action_flag": 3, "change_message": ""}}, {"model": "admin.logentry", "pk": 286, "fields": {"action_time": "2025-06-03T12:37:49.966Z", "user": 1, "content_type": 7, "object_id": "185", "object_repr": "Big Company Ltd (gmutai1194@gmail.com)", "action_flag": 3, "change_message": ""}}, {"model": "admin.logentry", "pk": 287, "fields": {"action_time": "2025-06-03T12:37:49.966Z", "user": 1, "content_type": 7, "object_id": "184", "object_repr": "Alvarado, Robinson and Sanders (zavalakathy@example.net)", "action_flag": 3, "change_message": ""}}, {"model": "admin.logentry", "pk": 288, "fields": {"action_time": "2025-06-03T12:37:49.966Z", "user": 1, "content_type": 7, "object_id": "183", "object_repr": "Patterson, Pacheco and Hernandez (rowetamara@example.net)", "action_flag": 3, "change_message": ""}}, {"model": "admin.logentry", "pk": 289, "fields": {"action_time": "2025-06-03T12:37:49.966Z", "user": 1, "content_type": 7, "object_id": "182", "object_repr": "Hernandez, Walter and Castillo (garrettashley@example.com)", "action_flag": 3, "change_message": ""}}, {"model": "admin.logentry", "pk": 290, "fields": {"action_time": "2025-06-03T12:37:49.966Z", "user": 1, "content_type": 7, "object_id": "181", "object_repr": "Hines LLC (dana82@example.com)", "action_flag": 3, "change_message": ""}}, {"model": "admin.logentry", "pk": 291, "fields": {"action_time": "2025-06-03T12:37:49.967Z", "user": 1, "content_type": 7, "object_id": "180", "object_repr": "Wagner-Graves (jacqueline43@example.net)", "action_flag": 3, "change_message": ""}}, {"model": "admin.logentry", "pk": 292, "fields": {"action_time": "2025-06-03T12:37:49.967Z", "user": 1, "content_type": 7, "object_id": "179", "object_repr": "Williams, Reed and Brewer (amber12@example.com)", "action_flag": 3, "change_message": ""}}, {"model": "admin.logentry", "pk": 293, "fields": {"action_time": "2025-06-03T12:37:49.967Z", "user": 1, "content_type": 7, "object_id": "178", "object_repr": "Potter, Morgan and Galloway (crystal23@example.net)", "action_flag": 3, "change_message": ""}}, {"model": "admin.logentry", "pk": 294, "fields": {"action_time": "2025-06-03T12:37:49.967Z", "user": 1, "content_type": 7, "object_id": "177", "object_repr": "Palmer, Parker and Holmes (mcbrideerin@example.net)", "action_flag": 3, "change_message": ""}}, {"model": "admin.logentry", "pk": 295, "fields": {"action_time": "2025-06-03T12:37:49.967Z", "user": 1, "content_type": 7, "object_id": "176", "object_repr": "Mcmillan LLC (taylorsarah@example.org)", "action_flag": 3, "change_message": ""}}, {"model": "admin.logentry", "pk": 296, "fields": {"action_time": "2025-06-03T12:37:49.967Z", "user": 1, "content_type": 7, "object_id": "175", "object_repr": "Brown-Pollard (peter32@example.org)", "action_flag": 3, "change_message": ""}}, {"model": "admin.logentry", "pk": 297, "fields": {"action_time": "2025-06-03T12:37:49.967Z", "user": 1, "content_type": 7, "object_id": "174", "object_repr": "Moore-Carroll (richardbrooks@example.net)", "action_flag": 3, "change_message": ""}}, {"model": "admin.logentry", "pk": 298, "fields": {"action_time": "2025-06-03T12:37:49.967Z", "user": 1, "content_type": 7, "object_id": "173", "object_repr": "Tran Group (phillipsalec@example.com)", "action_flag": 3, "change_message": ""}}, {"model": "admin.logentry", "pk": 299, "fields": {"action_time": "2025-06-03T12:37:49.967Z", "user": 1, "content_type": 7, "object_id": "172", "object_repr": "Santos, Gibson and Scott (stephanie56@example.com)", "action_flag": 3, "change_message": ""}}, {"model": "admin.logentry", "pk": 300, "fields": {"action_time": "2025-06-03T12:37:49.967Z", "user": 1, "content_type": 7, "object_id": "171", "object_repr": "Schmidt, Cole and Avila (erikawilliams@example.com)", "action_flag": 3, "change_message": ""}}, {"model": "admin.logentry", "pk": 301, "fields": {"action_time": "2025-06-03T12:37:49.967Z", "user": 1, "content_type": 7, "object_id": "170", "object_repr": "Young-Meyer (gjames@example.org)", "action_flag": 3, "change_message": ""}}, {"model": "admin.logentry", "pk": 302, "fields": {"action_time": "2025-06-03T12:37:49.967Z", "user": 1, "content_type": 7, "object_id": "169", "object_repr": "Berry, Johnson and Harris (tylerbryant@example.com)", "action_flag": 3, "change_message": ""}}, {"model": "admin.logentry", "pk": 303, "fields": {"action_time": "2025-06-03T12:37:49.967Z", "user": 1, "content_type": 7, "object_id": "168", "object_repr": "Harris-Myers (carrollmatthew@example.com)", "action_flag": 3, "change_message": ""}}, {"model": "admin.logentry", "pk": 304, "fields": {"action_time": "2025-06-03T12:37:49.967Z", "user": 1, "content_type": 7, "object_id": "167", "object_repr": "Collins-Garcia (seanmcconnell@example.net)", "action_flag": 3, "change_message": ""}}, {"model": "admin.logentry", "pk": 305, "fields": {"action_time": "2025-06-03T12:37:49.967Z", "user": 1, "content_type": 7, "object_id": "166", "object_repr": "Dickson Inc (monicawhite@example.net)", "action_flag": 3, "change_message": ""}}, {"model": "admin.logentry", "pk": 306, "fields": {"action_time": "2025-06-03T12:37:49.967Z", "user": 1, "content_type": 7, "object_id": "165", "object_repr": "Flores-Schmidt (nicole92@example.org)", "action_flag": 3, "change_message": ""}}, {"model": "admin.logentry", "pk": 307, "fields": {"action_time": "2025-06-03T12:37:49.967Z", "user": 1, "content_type": 7, "object_id": "164", "object_repr": "Vazquez and Sons (sean19@example.org)", "action_flag": 3, "change_message": ""}}, {"model": "admin.logentry", "pk": 308, "fields": {"action_time": "2025-06-03T12:37:49.967Z", "user": 1, "content_type": 7, "object_id": "163", "object_repr": "Kaufman, Griffin and Davis (hstokes@example.com)", "action_flag": 3, "change_message": ""}}, {"model": "admin.logentry", "pk": 309, "fields": {"action_time": "2025-06-03T12:37:49.967Z", "user": 1, "content_type": 7, "object_id": "162", "object_repr": "Flores-Hartman (stuartdaniel@example.com)", "action_flag": 3, "change_message": ""}}, {"model": "admin.logentry", "pk": 310, "fields": {"action_time": "2025-06-03T12:37:49.967Z", "user": 1, "content_type": 7, "object_id": "161", "object_repr": "Potter, Young and Pace (sharon02@example.net)", "action_flag": 3, "change_message": ""}}, {"model": "admin.logentry", "pk": 311, "fields": {"action_time": "2025-06-03T12:37:49.967Z", "user": 1, "content_type": 7, "object_id": "160", "object_repr": "Ballard, Moran and Hicks (linda81@example.com)", "action_flag": 3, "change_message": ""}}, {"model": "admin.logentry", "pk": 312, "fields": {"action_time": "2025-06-03T12:37:49.967Z", "user": 1, "content_type": 7, "object_id": "159", "object_repr": "Henry-Finley (debra73@example.com)", "action_flag": 3, "change_message": ""}}, {"model": "admin.logentry", "pk": 313, "fields": {"action_time": "2025-06-03T12:37:49.967Z", "user": 1, "content_type": 7, "object_id": "158", "object_repr": "Hudson, Adams and Lopez (brownmike@example.com)", "action_flag": 3, "change_message": ""}}, {"model": "admin.logentry", "pk": 314, "fields": {"action_time": "2025-06-03T12:37:49.967Z", "user": 1, "content_type": 7, "object_id": "157", "object_repr": "Fields Ltd (johnsonkyle@example.com)", "action_flag": 3, "change_message": ""}}, {"model": "admin.logentry", "pk": 315, "fields": {"action_time": "2025-06-03T12:37:49.968Z", "user": 1, "content_type": 7, "object_id": "156", "object_repr": "Moore-Guerra (carterkathryn@example.org)", "action_flag": 3, "change_message": ""}}, {"model": "admin.logentry", "pk": 316, "fields": {"action_time": "2025-06-03T12:37:49.968Z", "user": 1, "content_type": 7, "object_id": "155", "object_repr": "Smith-Walters (markcarter@example.org)", "action_flag": 3, "change_message": ""}}, {"model": "admin.logentry", "pk": 317, "fields": {"action_time": "2025-06-03T12:37:49.968Z", "user": 1, "content_type": 7, "object_id": "154", "object_repr": "Barton, Combs and Lewis (peckheather@example.com)", "action_flag": 3, "change_message": ""}}, {"model": "admin.logentry", "pk": 318, "fields": {"action_time": "2025-06-03T12:37:49.968Z", "user": 1, "content_type": 7, "object_id": "153", "object_repr": "Graham LLC (lcordova@example.com)", "action_flag": 3, "change_message": ""}}, {"model": "admin.logentry", "pk": 319, "fields": {"action_time": "2025-06-03T12:37:49.968Z", "user": 1, "content_type": 7, "object_id": "152", "object_repr": "Holt-Jones (davislisa@example.net)", "action_flag": 3, "change_message": ""}}, {"model": "admin.logentry", "pk": 320, "fields": {"action_time": "2025-06-03T12:37:49.968Z", "user": 1, "content_type": 7, "object_id": "151", "object_repr": "Walker Group (fmclean@example.net)", "action_flag": 3, "change_message": ""}}, {"model": "admin.logentry", "pk": 321, "fields": {"action_time": "2025-06-03T12:37:49.968Z", "user": 1, "content_type": 7, "object_id": "150", "object_repr": "Moran, Flores and White (vanessagarcia@example.com)", "action_flag": 3, "change_message": ""}}, {"model": "admin.logentry", "pk": 322, "fields": {"action_time": "2025-06-03T12:37:49.968Z", "user": 1, "content_type": 7, "object_id": "149", "object_repr": "Powell, Hill and Ingram (sawyerashley@example.net)", "action_flag": 3, "change_message": ""}}, {"model": "admin.logentry", "pk": 323, "fields": {"action_time": "2025-06-03T12:37:49.968Z", "user": 1, "content_type": 7, "object_id": "148", "object_repr": "Coleman, Garcia and Williams (maywilliam@example.net)", "action_flag": 3, "change_message": ""}}, {"model": "admin.logentry", "pk": 324, "fields": {"action_time": "2025-06-03T12:37:49.968Z", "user": 1, "content_type": 7, "object_id": "147", "object_repr": "Mccormick, Gomez and Reynolds (fpacheco@example.net)", "action_flag": 3, "change_message": ""}}, {"model": "admin.logentry", "pk": 325, "fields": {"action_time": "2025-06-03T12:37:49.968Z", "user": 1, "content_type": 7, "object_id": "146", "object_repr": "Lara, Black and Shaw (xbooker@example.net)", "action_flag": 3, "change_message": ""}}, {"model": "admin.logentry", "pk": 326, "fields": {"action_time": "2025-06-03T12:37:49.968Z", "user": 1, "content_type": 7, "object_id": "145", "object_repr": "Harris LLC (bryan56@example.net)", "action_flag": 3, "change_message": ""}}, {"model": "admin.logentry", "pk": 327, "fields": {"action_time": "2025-06-03T12:37:49.968Z", "user": 1, "content_type": 7, "object_id": "144", "object_repr": "Duncan LLC (stacie55@example.com)", "action_flag": 3, "change_message": ""}}, {"model": "admin.logentry", "pk": 328, "fields": {"action_time": "2025-06-03T12:37:49.968Z", "user": 1, "content_type": 7, "object_id": "143", "object_repr": "Young, Lewis and Townsend (tammy99@example.org)", "action_flag": 3, "change_message": ""}}, {"model": "admin.logentry", "pk": 329, "fields": {"action_time": "2025-06-03T12:37:49.968Z", "user": 1, "content_type": 7, "object_id": "142", "object_repr": "Hill PLC (joanne64@example.net)", "action_flag": 3, "change_message": ""}}, {"model": "admin.logentry", "pk": 330, "fields": {"action_time": "2025-06-03T12:37:49.968Z", "user": 1, "content_type": 7, "object_id": "141", "object_repr": "Jordan, Reese and Lopez (mbradshaw@example.net)", "action_flag": 3, "change_message": ""}}, {"model": "admin.logentry", "pk": 331, "fields": {"action_time": "2025-06-03T12:37:49.968Z", "user": 1, "content_type": 7, "object_id": "140", "object_repr": "Gutierrez, Ruiz and Villarreal (trancharles@example.net)", "action_flag": 3, "change_message": ""}}, {"model": "admin.logentry", "pk": 332, "fields": {"action_time": "2025-06-03T12:37:49.968Z", "user": 1, "content_type": 7, "object_id": "139", "object_repr": "Matthews, Krause and Johnson (luishicks@example.com)", "action_flag": 3, "change_message": ""}}, {"model": "admin.logentry", "pk": 333, "fields": {"action_time": "2025-06-03T12:37:49.968Z", "user": 1, "content_type": 7, "object_id": "138", "object_repr": "Ibarra-Werner (cbradford@example.org)", "action_flag": 3, "change_message": ""}}, {"model": "admin.logentry", "pk": 334, "fields": {"action_time": "2025-06-03T12:37:49.968Z", "user": 1, "content_type": 7, "object_id": "137", "object_repr": "Vasquez, Garza and Phillips (hamiltonanthony@example.org)", "action_flag": 3, "change_message": ""}}, {"model": "admin.logentry", "pk": 335, "fields": {"action_time": "2025-06-03T12:37:49.968Z", "user": 1, "content_type": 7, "object_id": "136", "object_repr": "Aguilar PLC (melissagomez@example.org)", "action_flag": 3, "change_message": ""}}, {"model": "admin.logentry", "pk": 336, "fields": {"action_time": "2025-06-03T12:37:49.968Z", "user": 1, "content_type": 7, "object_id": "135", "object_repr": "Nunez PLC (christopher79@example.org)", "action_flag": 3, "change_message": ""}}, {"model": "admin.logentry", "pk": 337, "fields": {"action_time": "2025-06-09T12:38:31.417Z", "user": 1, "content_type": 3, "object_id": "1", "object_repr": "Engineers", "action_flag": 1, "change_message": "[{\"added\": {}}]"}}, {"model": "admin.logentry", "pk": 338, "fields": {"action_time": "2025-06-09T12:42:28.538Z", "user": 1, "content_type": 6, "object_id": "2", "object_repr": "gmutai1194@gmail.com", "action_flag": 2, "change_message": "[{\"changed\": {\"fields\": [\"Groups\"]}}]"}}, {"model": "admin.logentry", "pk": 339, "fields": {"action_time": "2025-06-09T12:43:57.452Z", "user": 1, "content_type": 6, "object_id": "2", "object_repr": "gmutai1194@gmail.com", "action_flag": 2, "change_message": "[]"}}, {"model": "admin.logentry", "pk": 340, "fields": {"action_time": "2025-06-12T19:19:56.989Z", "user": 1, "content_type": 3, "object_id": "1", "object_repr": "Engineers", "action_flag": 2, "change_message": "[]"}}, {"model": "admin.logentry", "pk": 341, "fields": {"action_time": "2025-06-12T19:28:13.123Z", "user": 1, "content_type": 8, "object_id": "1", "object_repr": "admin@angani.co", "action_flag": 2, "change_message": "[]"}}, {"model": "admin.logentry", "pk": 342, "fields": {"action_time": "2025-06-12T19:29:42.743Z", "user": 1, "content_type": 8, "object_id": "1", "object_repr": "admin@angani.co", "action_flag": 2, "change_message": "[{\"changed\": {\"fields\": [\"Groups\"]}}]"}}, {"model": "admin.logentry", "pk": 343, "fields": {"action_time": "2025-06-13T19:42:36.988Z", "user": 1, "content_type": 8, "object_id": "3", "object_repr": "uncofits@gmail.com", "action_flag": 2, "change_message": "[{\"changed\": {\"fields\": [\"Groups\"]}}]"}}, {"model": "admin.logentry", "pk": 344, "fields": {"action_time": "2025-06-14T17:40:34.355Z", "user": 1, "content_type": 3, "object_id": "1", "object_repr": "Engineers", "action_flag": 2, "change_message": "[{\"changed\": {\"fields\": [\"Permissions\"]}}]"}}, {"model": "admin.logentry", "pk": 345, "fields": {"action_time": "2025-06-14T17:42:57.392Z", "user": 1, "content_type": 3, "object_id": "2", "object_repr": "Sales Admin", "action_flag": 1, "change_message": "[{\"added\": {}}]"}}, {"model": "auth.group", "pk": 1, "fields": {"name": "Engineers", "permissions": []}}, {"model": "auth.group", "pk": 2, "fields": {"name": "Sales Admin", "permissions": []}}, {"model": "sessions.session", "pk": "fs8dofag4669euz4tpjh2683gj71u0az", "fields": {"session_data": ".eJxVyz0KwzAMQOG7eC7BdiI57ljoOYwsyTj0Z4gTKITcvS1kaNf38TaTaF1qWpvOaRJzNoM5_bZMfNPnF5Y6q_KrO0rrrg-a7pfD_6ZKrX4OjGhjZgmEIIJKDMUWcE57gYwI3hYLjD5YGMFlHbCPQcfshAqgN_sbB7UzIw:1uQUx1:XshWfwKftOXhpinupPJCqNCNwAZXDPWbHoc2eGuaFD4", "expire_date": "2025-06-28T17:45:55.491Z"}}, {"model": "sessions.session", "pk": "lho74qhjjfwuvjhg7uyjs8vmctue111h", "fields": {"session_data": ".eJxVy00KwjAQQOG7ZC2lmUzT0aXQc4TJzIQUfxZNC4J4dxW60O37eE-XeFtr2potaVZ3ct4dfltmudj9C2tdzOTR7aV1043n63n3v6lyq5-jKAWNKgTiKZMFikY6CuXio7J6FB64R0IsIwKpMvYAASUMxwzoXm8g7DN-:1uQVOm:dMcuvQ6CEfASDqGUBlELx9JtisE8FkduW_lK2abubJs", "expire_date": "2025-06-28T18:14:36.741Z"}}, {"model": "sessions.session", "pk": "vvtqsjhnulzemn5zp9qitsvepur9dza2", "fields": {"session_data": ".eJxVy00KwjAQQOG7ZC2lmUzT0aXQc4TJzIQUfxZNC4J4dxW60O37eE-XeFtr2potaVZ3ct4dfltmudj9C2tdzOTR7aV1043n63n3v6lyq5-jKAWNKgTiKZMFikY6CuXio7J6FB64R0IsIwKpMvYAASUMxwzoXm8g7DN-:1uL3Wt:QRgBl_9p_58Tklr6JPEqbomelTfktFfpK5YtLug_CMA", "expire_date": "2025-06-13T17:28:27.825Z"}}, {"model": "core.client", "pk": 186, "fields": {"client_type": "Company", "name": "Bean-Logan", "contact_person": "Peter Walker", "email": "april13@example.net", "phone_number": "+2247168733574", "created_at": "2025-06-03T12:38:02.872Z", "created_by": 1, "last_updated": "2025-06-03T12:38:02.872Z", "updated_by": 1}}, {"model": "core.client", "pk": 187, "fields": {"client_type": "Company", "name": "Macdonald, Ross and Hodges", "contact_person": "Nicholas Bradford", "email": "kristenshields@example.org", "phone_number": "+9146107716", "created_at": "2025-06-03T12:38:02.884Z", "created_by": 1, "last_updated": "2025-06-03T12:38:02.884Z", "updated_by": 1}}, {"model": "core.client", "pk": 188, "fields": {"client_type": "Company", "name": "Myers-Taylor", "contact_person": "Michael Morrison", "email": "paul82@example.net", "phone_number": "+320522275091492", "created_at": "2025-06-03T12:38:02.896Z", "created_by": 1, "last_updated": "2025-06-03T12:38:02.896Z", "updated_by": 1}}, {"model": "core.client", "pk": 189, "fields": {"client_type": "Company", "name": "Morris and Sons", "contact_person": "Luis Taylor", "email": "tnelson@example.net", "phone_number": "+19418330290", "created_at": "2025-06-03T12:38:02.906Z", "created_by": 1, "last_updated": "2025-06-03T12:38:02.906Z", "updated_by": 1}}, {"model": "core.client", "pk": 190, "fields": {"client_type": "Company", "name": "Copeland Group", "contact_person": "Donna Brooks", "email": "barneskevin@example.com", "phone_number": "+12725341176", "created_at": "2025-06-03T12:38:02.915Z", "created_by": 1, "last_updated": "2025-06-03T12:38:02.915Z", "updated_by": 1}}, {"model": "core.client", "pk": 191, "fields": {"client_type": "Company", "name": "Nielsen, George and Lozano", "contact_person": "Angel Chan", "email": "donald05@example.org", "phone_number": "+8049600557", "created_at": "2025-06-03T12:38:02.925Z", "created_by": 1, "last_updated": "2025-06-03T12:38:02.925Z", "updated_by": 1}}, {"model": "core.client", "pk": 192, "fields": {"client_type": "Company", "name": "Short Group", "contact_person": "Rhonda Ballard", "email": "marshfrances@example.net", "phone_number": "+325558064690069", "created_at": "2025-06-03T12:38:02.935Z", "created_by": 1, "last_updated": "2025-06-03T12:38:02.935Z", "updated_by": 1}}, {"model": "core.client", "pk": 193, "fields": {"client_type": "Company", "name": "Braun-Smith", "contact_person": "Bradley Montgomery", "email": "rachel39@example.net", "phone_number": "+5348655643", "created_at": "2025-06-03T12:38:02.945Z", "created_by": 1, "last_updated": "2025-06-03T12:38:02.945Z", "updated_by": 1}}, {"model": "core.client", "pk": 194, "fields": {"client_type": "Company", "name": "Wise, Banks and Parker", "contact_person": "Trevor Evans", "email": "qrobinson@example.org", "phone_number": "+8127711824", "created_at": "2025-06-03T12:38:02.958Z", "created_by": 1, "last_updated": "2025-06-03T12:38:02.958Z", "updated_by": 1}}, {"model": "core.client", "pk": 195, "fields": {"client_type": "Company", "name": "Johnson PLC", "contact_person": "Sara Peck", "email": "brandonthompson@example.com", "phone_number": "+6398817756", "created_at": "2025-06-03T12:38:02.980Z", "created_by": 1, "last_updated": "2025-06-03T12:38:02.980Z", "updated_by": 1}}, {"model": "core.client", "pk": 196, "fields": {"client_type": "Company", "name": "Saunders-Hernandez", "contact_person": "Whitney Smith", "email": "jennifer30@example.org", "phone_number": "+149183560721201", "created_at": "2025-06-03T12:38:02.996Z", "created_by": 1, "last_updated": "2025-06-03T12:38:02.996Z", "updated_by": 1}}, {"model": "core.client", "pk": 197, "fields": {"client_type": "Company", "name": "Henry-Hanson", "contact_person": "Joshua Gordon", "email": "gordonkimberly@example.com", "phone_number": "+127775184310482", "created_at": "2025-06-03T12:38:03.009Z", "created_by": 1, "last_updated": "2025-06-03T12:38:03.009Z", "updated_by": 1}}, {"model": "core.client", "pk": 198, "fields": {"client_type": "Company", "name": "Wright-Thompson", "contact_person": "Hannah Walker", "email": "greenjenny@example.com", "phone_number": "+137699389041304", "created_at": "2025-06-03T12:38:03.021Z", "created_by": 1, "last_updated": "2025-06-03T12:38:03.021Z", "updated_by": 1}}, {"model": "core.client", "pk": 199, "fields": {"client_type": "Company", "name": "Santos-Lyons", "contact_person": "Jessica Glenn", "email": "burchronald@example.org", "phone_number": "+232764944770654", "created_at": "2025-06-03T12:38:03.034Z", "created_by": 1, "last_updated": "2025-06-03T12:38:03.034Z", "updated_by": 1}}, {"model": "core.client", "pk": 200, "fields": {"client_type": "Company", "name": "Wilson-King", "contact_person": "Daniel Bishop", "email": "obishop@example.net", "phone_number": "+8577757559", "created_at": "2025-06-03T12:38:03.049Z", "created_by": 1, "last_updated": "2025-06-03T12:38:03.049Z", "updated_by": 1}}, {"model": "core.client", "pk": 201, "fields": {"client_type": "Company", "name": "Boyd, Smith and Saunders", "contact_person": "Julie Martin", "email": "brian52@example.org", "phone_number": "+001280583126338", "created_at": "2025-06-03T12:38:03.067Z", "created_by": 1, "last_updated": "2025-06-03T12:38:03.067Z", "updated_by": 1}}, {"model": "core.client", "pk": 202, "fields": {"client_type": "Company", "name": "Powers, Chan and Diaz", "contact_person": "Nancy Garcia", "email": "agarcia@example.org", "phone_number": "+450236783792427", "created_at": "2025-06-03T12:38:03.077Z", "created_by": 1, "last_updated": "2025-06-03T12:38:03.077Z", "updated_by": 1}}, {"model": "core.client", "pk": 203, "fields": {"client_type": "Company", "name": "Nelson Group", "contact_person": "Tyler Mullen", "email": "jgreen@example.net", "phone_number": "+18194409316", "created_at": "2025-06-03T12:38:03.086Z", "created_by": 1, "last_updated": "2025-06-03T12:38:03.086Z", "updated_by": 1}}, {"model": "core.client", "pk": 204, "fields": {"client_type": "Company", "name": "Robinson Inc", "contact_person": "Kim Ferguson", "email": "robinperez@example.org", "phone_number": "+3139937612", "created_at": "2025-06-03T12:38:03.094Z", "created_by": 1, "last_updated": "2025-06-03T12:38:03.094Z", "updated_by": 1}}, {"model": "core.client", "pk": 205, "fields": {"client_type": "Company", "name": "Patrick Inc", "contact_person": "Ronald Charles", "email": "taylor51@example.net", "phone_number": "+49993374069255", "created_at": "2025-06-03T12:38:03.102Z", "created_by": 1, "last_updated": "2025-06-03T12:38:03.102Z", "updated_by": 1}}, {"model": "core.client", "pk": 206, "fields": {"client_type": "Company", "name": "Martin Inc", "contact_person": "Kyle Moore", "email": "celliott@example.org", "phone_number": "+8478769520143", "created_at": "2025-06-03T12:38:03.111Z", "created_by": 1, "last_updated": "2025-06-03T12:38:03.111Z", "updated_by": 1}}, {"model": "core.client", "pk": 207, "fields": {"client_type": "Company", "name": "Thomas-Horn", "contact_person": "Mary Ramsey", "email": "jasonnichols@example.net", "phone_number": "+15418222737", "created_at": "2025-06-03T12:38:03.122Z", "created_by": 1, "last_updated": "2025-06-03T12:38:03.122Z", "updated_by": 1}}, {"model": "core.client", "pk": 208, "fields": {"client_type": "Company", "name": "Zimmerman-Rojas", "contact_person": "John Clark", "email": "uncofits@gmail.com", "phone_number": "+3325053941", "created_at": "2025-06-03T12:38:03.133Z", "created_by": 1, "last_updated": "2025-06-09T09:33:01.435Z", "updated_by": 1}}, {"model": "core.client", "pk": 209, "fields": {"client_type": "Company", "name": "Holland-Barrera", "contact_person": "Ronnie Nichols", "email": "traviscabrera@example.org", "phone_number": "+14368168484", "created_at": "2025-06-03T12:38:03.142Z", "created_by": 1, "last_updated": "2025-06-03T12:38:03.142Z", "updated_by": 1}}, {"model": "core.client", "pk": 210, "fields": {"client_type": "Company", "name": "Fletcher Inc", "contact_person": "Matthew Pennington", "email": "michaelpatterson@example.org", "phone_number": "+4077107834829", "created_at": "2025-06-03T12:38:03.150Z", "created_by": 1, "last_updated": "2025-06-03T12:38:03.150Z", "updated_by": 1}}, {"model": "core.client", "pk": 211, "fields": {"client_type": "Company", "name": "Johnson, Phillips and Torres", "contact_person": "Jordan Martinez", "email": "roberto48@example.org", "phone_number": "+7384123372", "created_at": "2025-06-03T12:38:03.165Z", "created_by": 1, "last_updated": "2025-06-03T12:38:03.165Z", "updated_by": 1}}, {"model": "core.client", "pk": 212, "fields": {"client_type": "Company", "name": "Foley Group", "contact_person": "Jack Hoffman", "email": "amandalopez@example.net", "phone_number": "+4995959893", "created_at": "2025-06-03T12:38:03.182Z", "created_by": 1, "last_updated": "2025-06-03T12:38:03.182Z", "updated_by": 1}}, {"model": "core.client", "pk": 213, "fields": {"client_type": "Company", "name": "Watts-Morales", "contact_person": "Brett May", "email": "jay53@example.com", "phone_number": "+6106378182", "created_at": "2025-06-03T12:38:03.200Z", "created_by": 1, "last_updated": "2025-06-03T12:38:03.200Z", "updated_by": 1}}, {"model": "core.client", "pk": 214, "fields": {"client_type": "Company", "name": "Garrett Inc", "contact_person": "Bradley Underwood", "email": "catherine75@example.org", "phone_number": "+6242817976", "created_at": "2025-06-03T12:38:03.214Z", "created_by": 1, "last_updated": "2025-06-03T12:38:03.214Z", "updated_by": 1}}, {"model": "core.client", "pk": 215, "fields": {"client_type": "Company", "name": "Miller-Mcdaniel", "contact_person": "Caitlin Hayes", "email": "blackwellsarah@example.com", "phone_number": "+6517750447258", "created_at": "2025-06-03T12:38:03.224Z", "created_by": 1, "last_updated": "2025-06-03T12:38:03.224Z", "updated_by": 1}}, {"model": "core.client", "pk": 216, "fields": {"client_type": "Company", "name": "Rodriguez, Burke and Wood", "contact_person": "Carol Moss", "email": "jasonsantiago@example.com", "phone_number": "+9265335889", "created_at": "2025-06-03T12:38:03.233Z", "created_by": 1, "last_updated": "2025-06-03T12:38:03.233Z", "updated_by": 1}}, {"model": "core.client", "pk": 217, "fields": {"client_type": "Company", "name": "Burton LLC", "contact_person": "Alyssa Hammond", "email": "linda45@example.org", "phone_number": "+652589352615389", "created_at": "2025-06-03T12:38:03.242Z", "created_by": 1, "last_updated": "2025-06-03T12:38:03.242Z", "updated_by": 1}}, {"model": "core.client", "pk": 218, "fields": {"client_type": "Company", "name": "Patterson, Klein and Reynolds", "contact_person": "Robert Parker", "email": "warrenjulie@example.co", "phone_number": "+65734078538290", "created_at": "2025-06-03T12:38:03.251Z", "created_by": 1, "last_updated": "2025-06-12T09:44:48.530Z", "updated_by": 1}}, {"model": "core.client", "pk": 219, "fields": {"client_type": "Company", "name": "Fischer, Lloyd and Webster", "contact_person": "Marc Barrett", "email": "wardcorey@example.net", "phone_number": "+126791221115442", "created_at": "2025-06-03T12:38:03.259Z", "created_by": 1, "last_updated": "2025-06-03T12:38:03.259Z", "updated_by": 1}}, {"model": "core.client", "pk": 220, "fields": {"client_type": "Company", "name": "Stark-Mckee", "contact_person": "Andrew Valenzuela", "email": "xpayne@example.net", "phone_number": "+7342065192", "created_at": "2025-06-03T12:38:03.268Z", "created_by": 1, "last_updated": "2025-06-03T12:38:03.268Z", "updated_by": 1}}, {"model": "core.client", "pk": 221, "fields": {"client_type": "Individual", "name": "Cole-Pacheco", "contact_person": "Sarah Harpery", "email": "daniellesims@example.net", "phone_number": "+717888103207211", "created_at": "2025-06-03T12:38:03.280Z", "created_by": 1, "last_updated": "2025-06-09T08:33:36.562Z", "updated_by": 1}}, {"model": "core.client", "pk": 222, "fields": {"client_type": "Company", "name": "Reilly-Martin", "contact_person": "Steven Silva", "email": "ywyatt@example.org", "phone_number": "+8304097364122", "created_at": "2025-06-03T12:38:03.290Z", "created_by": 1, "last_updated": "2025-06-03T12:38:03.290Z", "updated_by": 1}}, {"model": "core.client", "pk": 223, "fields": {"client_type": "Company", "name": "Rodriguez, Hancock and Martin", "contact_person": "Christopher Clark", "email": "xbarnes@example.org", "phone_number": "+2797481317", "created_at": "2025-06-03T12:38:03.305Z", "created_by": 1, "last_updated": "2025-06-03T12:38:03.305Z", "updated_by": 1}}, {"model": "core.client", "pk": 224, "fields": {"client_type": "Company", "name": "Lee-Rhodes", "contact_person": "Dylan Sullivan", "email": "longrichard@example.com", "phone_number": "+86523044509275", "created_at": "2025-06-03T12:38:03.314Z", "created_by": 1, "last_updated": "2025-06-03T12:38:03.314Z", "updated_by": 1}}, {"model": "core.client", "pk": 225, "fields": {"client_type": "Company", "name": "Briggs-Hudson", "contact_person": "Kyle James", "email": "dianaanderson@example.com", "phone_number": "+76389431045176", "created_at": "2025-06-03T12:38:03.322Z", "created_by": 1, "last_updated": "2025-06-03T12:38:03.322Z", "updated_by": 1}}, {"model": "core.client", "pk": 226, "fields": {"client_type": "Company", "name": "Bowers, Johnson and Marshall", "contact_person": "Megan Cole", "email": "sking@example.net", "phone_number": "+4207064787", "created_at": "2025-06-03T12:38:03.330Z", "created_by": 1, "last_updated": "2025-06-03T12:38:03.330Z", "updated_by": 1}}, {"model": "core.client", "pk": 227, "fields": {"client_type": "Company", "name": "Riley-Nunez", "contact_person": "Christina Bailey", "email": "jennifer65@example.com", "phone_number": "+168345227053037", "created_at": "2025-06-03T12:38:03.339Z", "created_by": 1, "last_updated": "2025-06-03T12:38:03.339Z", "updated_by": 1}}, {"model": "core.client", "pk": 228, "fields": {"client_type": "Company", "name": "Newman, George and Ramirez", "contact_person": "Jessica Nicholson", "email": "kpatterson@example.com", "phone_number": "+7646372241121", "created_at": "2025-06-03T12:38:03.346Z", "created_by": 1, "last_updated": "2025-06-03T12:38:03.346Z", "updated_by": 1}}, {"model": "core.client", "pk": 229, "fields": {"client_type": "Individual", "name": "Stevens, Dickerson and Mcneil", "contact_person": "Michael Lewis", "email": "hmitchell@example.org", "phone_number": "+0017826844411", "created_at": "2025-06-03T12:38:03.354Z", "created_by": 1, "last_updated": "2025-06-03T12:39:56.397Z", "updated_by": 1}}, {"model": "core.client", "pk": 230, "fields": {"client_type": "Company", "name": "King, Weber and Keller", "contact_person": "Diane Curry", "email": "robincortez@example.com", "phone_number": "+001203677313277", "created_at": "2025-06-03T12:38:03.365Z", "created_by": 1, "last_updated": "2025-06-03T12:38:03.365Z", "updated_by": 1}}, {"model": "core.client", "pk": 231, "fields": {"client_type": "Individual", "name": "Adams, Hart and Mathis", "contact_person": "Mary Harris", "email": "katrinaholder@example.org", "phone_number": "+8178820109", "created_at": "2025-06-03T12:38:03.374Z", "created_by": 1, "last_updated": "2025-06-03T12:39:43.555Z", "updated_by": 1}}, {"model": "core.client", "pk": 232, "fields": {"client_type": "Company", "name": "Jenkins, York and Mendoza", "contact_person": "Margaret Johnson", "email": "jpeters@example.com", "phone_number": "+001449627816011", "created_at": "2025-06-03T12:38:03.386Z", "created_by": 1, "last_updated": "2025-06-03T12:38:03.386Z", "updated_by": 1}}, {"model": "core.client", "pk": 233, "fields": {"client_type": "Company", "name": "Brandt Inc", "contact_person": "Felicia Douglas", "email": "rhenderson@example.net", "phone_number": "+713513955480647", "created_at": "2025-06-03T12:38:03.395Z", "created_by": 1, "last_updated": "2025-06-03T12:38:03.395Z", "updated_by": 1}}, {"model": "core.client", "pk": 234, "fields": {"client_type": "Company", "name": "Leonard LLC", "contact_person": "Kathleen Jackson", "email": "nicholasshah@example.org", "phone_number": "+4235100648", "created_at": "2025-06-03T12:38:03.403Z", "created_by": 1, "last_updated": "2025-06-03T12:38:03.403Z", "updated_by": 1}}, {"model": "core.client", "pk": 235, "fields": {"client_type": "Individual", "name": "Cunningham-Morrow", "contact_person": "Dr. John Ross", "email": "gonzalezbradley@example.org", "phone_number": "+3037779766", "created_at": "2025-06-03T12:38:03.411Z", "created_by": 1, "last_updated": "2025-06-03T12:39:31.261Z", "updated_by": 1}}, {"model": "core.client", "pk": 236, "fields": {"client_type": "Individual", "name": "Mr Michael", "contact_person": "Michael M", "email": "gmutai1194@gmail.com", "phone_number": "0725060098", "created_at": "2025-06-03T12:38:42.671Z", "created_by": 1, "last_updated": "2025-06-09T09:02:10.348Z", "updated_by": 1}}, {"model": "threecx.threecx", "pk": 226, "fields": {"created_at": "2025-06-03T12:38:03.419Z", "created_by": 1, "client": 225, "sip_provider": "Safaricom", "fqdn": "parker-carter.info", "license_type": "3CX Pro", "last_updated": "2025-06-03T12:38:03.419Z", "updated_by": 1}}, {"model": "threecx.threecx", "pk": 227, "fields": {"created_at": "2025-06-03T12:38:03.427Z", "created_by": 1, "client": 208, "sip_provider": "Safaricom", "fqdn": "jones.info", "license_type": "3CX Pro", "last_updated": "2025-06-03T12:38:03.427Z", "updated_by": 1}}, {"model": "threecx.threecx", "pk": 228, "fields": {"created_at": "2025-06-03T12:38:03.436Z", "created_by": 1, "client": 222, "sip_provider": "Safaricom", "fqdn": "vaughn.biz", "license_type": "3CX Pro", "last_updated": "2025-06-03T12:38:03.436Z", "updated_by": 1}}, {"model": "threecx.threecx", "pk": 229, "fields": {"created_at": "2025-06-03T12:38:03.444Z", "created_by": 1, "client": 214, "sip_provider": "Angani", "fqdn": "carpenter.com", "license_type": "3CX Enterprise", "last_updated": "2025-06-03T12:38:03.444Z", "updated_by": 1}}, {"model": "threecx.threecx", "pk": 230, "fields": {"created_at": "2025-06-03T12:38:03.459Z", "created_by": 1, "client": 225, "sip_provider": "Safaricom", "fqdn": "bailey.com", "license_type": "3CX Standard", "last_updated": "2025-06-03T12:38:03.460Z", "updated_by": 1}}, {"model": "threecx.threecx", "pk": 231, "fields": {"created_at": "2025-06-03T12:38:03.472Z", "created_by": 1, "client": 234, "sip_provider": "Safaricom", "fqdn": "ross-macdonald.net", "license_type": "3CX Enterprise", "last_updated": "2025-06-03T12:38:03.473Z", "updated_by": 1}}, {"model": "threecx.threecx", "pk": 232, "fields": {"created_at": "2025-06-03T12:38:03.482Z", "created_by": 1, "client": 219, "sip_provider": "Airtel", "fqdn": "powell.org", "license_type": "3CX Pro", "last_updated": "2025-06-03T12:38:03.482Z", "updated_by": 1}}, {"model": "threecx.threecx", "pk": 233, "fields": {"created_at": "2025-06-03T12:38:03.496Z", "created_by": 1, "client": 218, "sip_provider": "Airtel", "fqdn": "coleman-young.info", "license_type": "3CX Pro", "last_updated": "2025-06-03T12:38:03.496Z", "updated_by": 1}}, {"model": "threecx.threecx", "pk": 234, "fields": {"created_at": "2025-06-03T12:38:03.505Z", "created_by": 1, "client": 210, "sip_provider": "Safaricom", "fqdn": "pitts.com", "license_type": "3CX Enterprise", "last_updated": "2025-06-03T12:38:03.505Z", "updated_by": 1}}, {"model": "threecx.threecx", "pk": 235, "fields": {"created_at": "2025-06-03T12:38:03.514Z", "created_by": 1, "client": 233, "sip_provider": "Airtel", "fqdn": "snyder-bass.biz", "license_type": "3CX Pro", "last_updated": "2025-06-03T12:38:03.514Z", "updated_by": 1}}, {"model": "threecx.threecx", "pk": 236, "fields": {"created_at": "2025-06-03T12:38:03.522Z", "created_by": 1, "client": 234, "sip_provider": "Angani", "fqdn": "burton-salinas.com", "license_type": "3CX Enterprise", "last_updated": "2025-06-03T12:38:03.522Z", "updated_by": 1}}, {"model": "threecx.threecx", "pk": 237, "fields": {"created_at": "2025-06-03T12:38:03.532Z", "created_by": 1, "client": 215, "sip_provider": "Airtel", "fqdn": "moore.com", "license_type": "3CX Enterprise", "last_updated": "2025-06-03T12:38:03.533Z", "updated_by": 1}}, {"model": "threecx.threecx", "pk": 238, "fields": {"created_at": "2025-06-03T12:38:03.541Z", "created_by": 1, "client": 188, "sip_provider": "Airtel", "fqdn": "harper.com", "license_type": "3CX Standard", "last_updated": "2025-06-03T12:38:03.541Z", "updated_by": 1}}, {"model": "threecx.threecx", "pk": 239, "fields": {"created_at": "2025-06-03T12:38:03.554Z", "created_by": 1, "client": 189, "sip_provider": "Safaricom", "fqdn": "rosales.com", "license_type": "3CX Standard", "last_updated": "2025-06-03T12:38:03.554Z", "updated_by": 1}}, {"model": "threecx.threecx", "pk": 240, "fields": {"created_at": "2025-06-03T12:38:03.565Z", "created_by": 1, "client": 215, "sip_provider": "Safaricom", "fqdn": "kim-lynch.com", "license_type": "3CX Pro", "last_updated": "2025-06-03T12:38:03.565Z", "updated_by": 1}}, {"model": "threecx.threecx", "pk": 241, "fields": {"created_at": "2025-06-03T12:38:03.575Z", "created_by": 1, "client": 198, "sip_provider": "Airtel", "fqdn": "anderson.com", "license_type": "3CX Enterprise", "last_updated": "2025-06-03T12:38:03.575Z", "updated_by": 1}}, {"model": "threecx.threecx", "pk": 242, "fields": {"created_at": "2025-06-03T12:38:03.597Z", "created_by": 1, "client": 220, "sip_provider": "Angani", "fqdn": "johns.com", "license_type": "3CX Standard", "last_updated": "2025-06-03T12:38:03.597Z", "updated_by": 1}}, {"model": "threecx.threecx", "pk": 243, "fields": {"created_at": "2025-06-03T12:38:03.619Z", "created_by": 1, "client": 208, "sip_provider": "Angani", "fqdn": "smith.com", "license_type": "3CX Enterprise", "last_updated": "2025-06-03T12:38:03.619Z", "updated_by": 1}}, {"model": "threecx.threecx", "pk": 244, "fields": {"created_at": "2025-06-03T12:38:03.632Z", "created_by": 1, "client": 190, "sip_provider": "Airtel", "fqdn": "hanson.info", "license_type": "3CX Enterprise", "last_updated": "2025-06-03T12:38:03.632Z", "updated_by": 1}}, {"model": "threecx.threecx", "pk": 245, "fields": {"created_at": "2025-06-03T12:38:03.641Z", "created_by": 1, "client": 210, "sip_provider": "Angani", "fqdn": "snyder.net", "license_type": "3CX Standard", "last_updated": "2025-06-03T12:38:03.641Z", "updated_by": 1}}, {"model": "threecx.threecx", "pk": 246, "fields": {"created_at": "2025-06-03T12:38:03.650Z", "created_by": 1, "client": 225, "sip_provider": "Airtel", "fqdn": "galvan-harris.com", "license_type": "3CX Enterprise", "last_updated": "2025-06-03T12:38:03.651Z", "updated_by": 1}}, {"model": "threecx.threecx", "pk": 247, "fields": {"created_at": "2025-06-03T12:38:03.660Z", "created_by": 1, "client": 210, "sip_provider": "Safaricom", "fqdn": "graham-ortiz.com", "license_type": "3CX Pro", "last_updated": "2025-06-03T12:38:03.660Z", "updated_by": 1}}, {"model": "threecx.threecx", "pk": 248, "fields": {"created_at": "2025-06-03T12:38:03.669Z", "created_by": 1, "client": 199, "sip_provider": "Safaricom", "fqdn": "campos.info", "license_type": "3CX Standard", "last_updated": "2025-06-03T12:38:03.669Z", "updated_by": 1}}, {"model": "threecx.threecx", "pk": 249, "fields": {"created_at": "2025-06-03T12:38:03.678Z", "created_by": 1, "client": 205, "sip_provider": "Angani", "fqdn": "cox.com", "license_type": "3CX Enterprise", "last_updated": "2025-06-03T12:38:03.679Z", "updated_by": 1}}, {"model": "threecx.threecx", "pk": 250, "fields": {"created_at": "2025-06-03T12:38:03.696Z", "created_by": 1, "client": 234, "sip_provider": "Angani", "fqdn": "curtis-wilkinson.net", "license_type": "3CX Enterprise", "last_updated": "2025-06-03T12:38:03.696Z", "updated_by": 1}}, {"model": "threecx.threecx", "pk": 251, "fields": {"created_at": "2025-06-03T12:38:03.714Z", "created_by": 1, "client": 234, "sip_provider": "Airtel", "fqdn": "brown-hickman.biz", "license_type": "3CX Enterprise", "last_updated": "2025-06-03T12:38:03.714Z", "updated_by": 1}}, {"model": "threecx.threecx", "pk": 252, "fields": {"created_at": "2025-06-03T12:38:03.725Z", "created_by": 1, "client": 205, "sip_provider": "Airtel", "fqdn": "crane-quinn.com", "license_type": "3CX Enterprise", "last_updated": "2025-06-03T12:38:03.725Z", "updated_by": 1}}, {"model": "threecx.threecx", "pk": 253, "fields": {"created_at": "2025-06-03T12:38:03.734Z", "created_by": 1, "client": 196, "sip_provider": "Airtel", "fqdn": "stewart-smith.org", "license_type": "3CX Standard", "last_updated": "2025-06-03T12:38:03.734Z", "updated_by": 1}}, {"model": "threecx.threecx", "pk": 254, "fields": {"created_at": "2025-06-03T12:38:03.744Z", "created_by": 1, "client": 235, "sip_provider": "Safaricom", "fqdn": "henderson.com", "license_type": "3CX Enterprise", "last_updated": "2025-06-03T12:38:03.744Z", "updated_by": 1}}, {"model": "threecx.threecx", "pk": 255, "fields": {"created_at": "2025-06-03T12:38:03.753Z", "created_by": 1, "client": 235, "sip_provider": "Safaricom", "fqdn": "stein.com", "license_type": "3CX Standard", "last_updated": "2025-06-03T12:38:03.753Z", "updated_by": 1}}, {"model": "threecx.threecx", "pk": 256, "fields": {"created_at": "2025-06-03T12:38:03.761Z", "created_by": 1, "client": 199, "sip_provider": "Airtel", "fqdn": "frey-colon.com", "license_type": "3CX Standard", "last_updated": "2025-06-03T12:38:03.761Z", "updated_by": 1}}, {"model": "threecx.threecx", "pk": 257, "fields": {"created_at": "2025-06-03T12:38:03.769Z", "created_by": 1, "client": 234, "sip_provider": "Safaricom", "fqdn": "johnson.org", "license_type": "3CX Standard", "last_updated": "2025-06-03T12:38:03.769Z", "updated_by": 1}}, {"model": "threecx.threecx", "pk": 258, "fields": {"created_at": "2025-06-03T12:38:03.777Z", "created_by": 1, "client": 235, "sip_provider": "Safaricom", "fqdn": "poole.biz", "license_type": "3CX Pro", "last_updated": "2025-06-03T12:38:03.777Z", "updated_by": 1}}, {"model": "threecx.threecx", "pk": 259, "fields": {"created_at": "2025-06-03T12:38:03.785Z", "created_by": 1, "client": 201, "sip_provider": "Angani", "fqdn": "jones-hardy.biz", "license_type": "3CX Pro", "last_updated": "2025-06-03T12:38:03.785Z", "updated_by": 1}}, {"model": "threecx.threecx", "pk": 260, "fields": {"created_at": "2025-06-03T12:38:03.792Z", "created_by": 1, "client": 198, "sip_provider": "Angani", "fqdn": "newton-garcia.com", "license_type": "3CX Standard", "last_updated": "2025-06-03T12:38:03.792Z", "updated_by": 1}}, {"model": "threecx.threecx", "pk": 261, "fields": {"created_at": "2025-06-03T12:38:03.800Z", "created_by": 1, "client": 186, "sip_provider": "Airtel", "fqdn": "wong.com", "license_type": "3CX Pro", "last_updated": "2025-06-03T12:38:03.801Z", "updated_by": 1}}, {"model": "threecx.threecx", "pk": 262, "fields": {"created_at": "2025-06-03T12:38:03.809Z", "created_by": 1, "client": 226, "sip_provider": "Angani", "fqdn": "miller.com", "license_type": "3CX Standard", "last_updated": "2025-06-03T12:38:03.809Z", "updated_by": 1}}, {"model": "threecx.threecx", "pk": 263, "fields": {"created_at": "2025-06-03T12:38:03.820Z", "created_by": 1, "client": 204, "sip_provider": "Airtel", "fqdn": "lewis.com", "license_type": "3CX Pro", "last_updated": "2025-06-03T12:38:03.820Z", "updated_by": 1}}, {"model": "threecx.threecx", "pk": 264, "fields": {"created_at": "2025-06-03T12:38:03.827Z", "created_by": 1, "client": 204, "sip_provider": "Airtel", "fqdn": "ellis.com", "license_type": "3CX Standard", "last_updated": "2025-06-03T12:38:03.827Z", "updated_by": 1}}, {"model": "threecx.threecx", "pk": 265, "fields": {"created_at": "2025-06-03T12:38:03.838Z", "created_by": 1, "client": 202, "sip_provider": "Airtel", "fqdn": "manning.com", "license_type": "3CX Pro", "last_updated": "2025-06-03T12:38:03.838Z", "updated_by": 1}}, {"model": "threecx.threecx", "pk": 266, "fields": {"created_at": "2025-06-03T12:38:03.846Z", "created_by": 1, "client": 219, "sip_provider": "Angani", "fqdn": "monroe-cox.com", "license_type": "3CX Pro", "last_updated": "2025-06-03T12:38:03.846Z", "updated_by": 1}}, {"model": "threecx.threecx", "pk": 267, "fields": {"created_at": "2025-06-03T12:38:03.854Z", "created_by": 1, "client": 200, "sip_provider": "Airtel", "fqdn": "robinson-young.info", "license_type": "3CX Enterprise", "last_updated": "2025-06-03T12:38:03.854Z", "updated_by": 1}}, {"model": "threecx.threecx", "pk": 268, "fields": {"created_at": "2025-06-03T12:38:03.865Z", "created_by": 1, "client": 204, "sip_provider": "Safaricom", "fqdn": "miller.biz", "license_type": "3CX Enterprise", "last_updated": "2025-06-03T12:38:03.865Z", "updated_by": 1}}, {"model": "threecx.threecx", "pk": 269, "fields": {"created_at": "2025-06-03T12:38:03.874Z", "created_by": 1, "client": 201, "sip_provider": "Angani", "fqdn": "newton.com", "license_type": "3CX Pro", "last_updated": "2025-06-03T12:38:03.874Z", "updated_by": 1}}, {"model": "threecx.threecx", "pk": 270, "fields": {"created_at": "2025-06-03T12:38:03.885Z", "created_by": 1, "client": 211, "sip_provider": "Angani", "fqdn": "peters-grimes.com", "license_type": "3CX Standard", "last_updated": "2025-06-03T12:38:03.885Z", "updated_by": 1}}, {"model": "threecx.threecx", "pk": 271, "fields": {"created_at": "2025-06-03T12:38:03.893Z", "created_by": 1, "client": 188, "sip_provider": "Safaricom", "fqdn": "pace.com", "license_type": "3CX Enterprise", "last_updated": "2025-06-03T12:38:03.893Z", "updated_by": 1}}, {"model": "threecx.threecx", "pk": 272, "fields": {"created_at": "2025-06-03T12:38:03.908Z", "created_by": 1, "client": 225, "sip_provider": "Safaricom", "fqdn": "benton.com", "license_type": "3CX Standard", "last_updated": "2025-06-03T12:38:03.908Z", "updated_by": 1}}, {"model": "threecx.threecx", "pk": 273, "fields": {"created_at": "2025-06-03T12:38:03.929Z", "created_by": 1, "client": 192, "sip_provider": "Airtel", "fqdn": "turner-pena.org", "license_type": "3CX Pro", "last_updated": "2025-06-03T12:38:03.929Z", "updated_by": 1}}, {"model": "threecx.threecx", "pk": 274, "fields": {"created_at": "2025-06-03T12:38:03.941Z", "created_by": 1, "client": 210, "sip_provider": "Safaricom", "fqdn": "jennings.info", "license_type": "3CX Standard", "last_updated": "2025-06-03T12:38:03.941Z", "updated_by": 1}}, {"model": "threecx.threecx", "pk": 275, "fields": {"created_at": "2025-06-03T12:38:03.949Z", "created_by": 1, "client": 208, "sip_provider": "Safaricom", "fqdn": "macias.info", "license_type": "3CX Enterprise", "last_updated": "2025-06-03T12:38:03.950Z", "updated_by": 1}}, {"model": "accounts.customuser", "pk": 1, "fields": {"password": "pbkdf2_sha256$870000$BbwL6P9jz9wfzuOfXMydMU$1xN8pGibJr7YOSimjOHXEAi0zeiQazbOAU5vejat/mY=", "last_login": "2025-06-14T18:14:36.737Z", "is_superuser": true, "email": "admin@angani.co", "first_name": "Super", "last_name": "Admin", "is_active": true, "is_staff": true, "date_joined": "2025-05-30T17:08:09.110Z", "groups": [1], "user_permissions": []}}, {"model": "accounts.customuser", "pk": 2, "fields": {"password": "pbkdf2_sha256$870000$CEXFzd9JNbBGzuLbdl751A$eYs5eVXGK7xilxnCUCY+g57Cm46Zm+L/iqec1ccnfBs=", "last_login": "2025-06-14T18:13:01.539Z", "is_superuser": false, "email": "gmutai1194@gmail.com", "first_name": "Gilbert", "last_name": "Mutai", "is_active": true, "is_staff": false, "date_joined": "2025-06-09T12:39:17.623Z", "groups": [1], "user_permissions": []}}, {"model": "accounts.customuser", "pk": 3, "fields": {"password": "pbkdf2_sha256$870000$0Yl3a20vBxdVeUDwzWEurT$HLUH9d6yXLDqoeidkKKOp8hSXQjXVuuz3/dpecH9H6U=", "last_login": "2025-06-14T17:33:21.115Z", "is_superuser": false, "email": "uncofits@gmail.com", "first_name": "Unco", "last_name": "Fits", "is_active": true, "is_staff": false, "date_joined": "2025-06-13T19:39:54.999Z", "groups": [1], "user_permissions": []}}, {"model": "accounts.customuser", "pk": 4, "fields": {"password": "pbkdf2_sha256$870000$AACXIaPP9U0jqWHzrDLJMg$nS/he/gqOJ5E4PaPURdGDOgxAAFkr5ll9Ei6WVl/dAA=", "last_login": "2025-06-14T18:13:42.524Z", "is_superuser": false, "email": "fitstargilii1194@gmail.com", "first_name": "Fraytham", "last_name": "Hassan", "is_active": true, "is_staff": false, "date_joined": "2025-06-14T17:44:34.143Z", "groups": [], "user_permissions": []}}, {"model": "pm.project", "pk": 32, "fields": {"customer_name": 186, "project_title": "Project 1", "service_description": "Linux VM, 2GB RAM, 2vCPU, \n40GB HD, Unlimited local loop,\n100 mb transit shared \nLinux VM, 2GB RAM, 2vCPU, \n40GB HD, Unlimited local loop,\n100 mb transit shared \nLinux VM, 2GB RAM, 2vCPU, \n40GB HD, Unlimited local loop,\n100 mb transit shared \nLinux VM, 2GB RAM, 2vCPU, \n40GB HD, Unlimited local loop,\n100 mb transit shared \nLinux VM, 2GB RAM, 2vCPU, \n40GB HD, Unlimited local loop,\n100 mb transit shared\nLinux VM, 2GB RAM, 2vCPU, \n40GB HD, Unlimited local loop,\n100 mb transit shared \nLinux VM, 2GB RAM, 2vCPU, \n40GB HD, Unlimited local loop,\n100 mb transit shared \nLinux VM, 2GB RAM, 2vCPU, \n40GB HD, Unlimited local loop,\n100 mb transit shared", "date_of_request": "2025-06-10T19:12:35.730Z", "status": "Pending", "date_of_completion": null, "job_completion_certificate": "Pending", "engineer": 2, "comment": "Linux VM, 2GB RAM, 2vCPU, \n40GB HD, Unlimited local loop,\n100 mb transit shared \nLinux VM, 2GB RAM, 2vCPU, \n40GB HD, Unlimited local loop,\n100 mb transit shared \nLinux VM, 2GB RAM, 2vCPU, \n40GB HD, Unlimited local loop,\n100 mb transit shared \nLinux VM, 2GB RAM, 2vCPU, \n40GB HD, Unlimited local loop,\n100 mb transit shared\nLinux VM, 2GB RAM, 2vCPU, \n40GB HD, Unlimited local loop,\n100 mb transit shared \nLinux VM, 2GB RAM, 2vCPU, \n40GB HD, Unlimited local loop,\n100 mb transit shared \nLinux VM, 2GB RAM, 2vCPU, \n40GB HD, Unlimited local loop,\n100 mb transit shared \nLinux VM, 2GB RAM, 2vCPU, \n40GB HD, Unlimited local loop,\n100 mb transit shared", "created_at": "2025-06-12T19:12:35.730Z", "created_by": 1, "updated_at": "2025-06-15T07:20:28.935Z", "updated_by": 1}}, {"model": "pm.project", "pk": 33, "fields": {"customer_name": 187, "project_title": "Project 2", "service_description": "Service description for project 2", "date_of_request": "2025-06-08T19:12:35.730Z", "status": "Completed", "date_of_completion": "2025-06-13T19:49:12.796Z", "job_completion_certificate": "Shared", "engineer": 3, "comment": "Auto-generated test project", "created_at": "2025-06-12T19:12:35.730Z", "created_by": 1, "updated_at": "2025-06-13T19:49:12.796Z", "updated_by": 3}}, {"model": "pm.project", "pk": 34, "fields": {"customer_name": 188, "project_title": "Project 3", "service_description": "Service description for project 3", "date_of_request": "2025-06-06T19:12:35.730Z", "status": "Completed", "date_of_completion": "2025-06-12T19:12:35.730Z", "job_completion_certificate": "Pending", "engineer": 1, "comment": "Auto-generated test project", "created_at": "2025-06-12T19:12:35.730Z", "created_by": 1, "updated_at": "2025-06-12T19:12:35.730Z", "updated_by": 1}}, {"model": "pm.project", "pk": 35, "fields": {"customer_name": 189, "project_title": "Project 4", "service_description": "Service description for project 4", "date_of_request": "2025-06-04T19:12:35.730Z", "status": "Pending", "date_of_completion": null, "job_completion_certificate": "Shared", "engineer": 1, "comment": "Auto-generated test project", "created_at": "2025-06-12T19:12:35.730Z", "created_by": 1, "updated_at": "2025-06-12T19:12:35.730Z", "updated_by": 1}}, {"model": "pm.project", "pk": 36, "fields": {"customer_name": 190, "project_title": "Project 5", "service_description": "Service description for project 5", "date_of_request": "2025-06-02T19:12:35.730Z", "status": "Pending", "date_of_completion": null, "job_completion_certificate": "Pending", "engineer": 1, "comment": "Auto-generated test project", "created_at": "2025-06-12T19:12:35.730Z", "created_by": 1, "updated_at": "2025-06-12T19:12:35.730Z", "updated_by": 1}}, {"model": "pm.project", "pk": 37, "fields": {"customer_name": 191, "project_title": "Project 6", "service_description": "Service description for project 6", "date_of_request": "2025-05-31T19:12:35.730Z", "status": "Completed", "date_of_completion": "2025-06-12T19:12:35.730Z", "job_completion_certificate": "Shared", "engineer": 1, "comment": "Auto-generated test project", "created_at": "2025-06-12T19:12:35.730Z", "created_by": 1, "updated_at": "2025-06-12T19:12:35.730Z", "updated_by": 1}}, {"model": "pm.project", "pk": 38, "fields": {"customer_name": 192, "project_title": "Project 7", "service_description": "Service description for project 7", "date_of_request": "2025-05-29T19:12:35.730Z", "status": "Pending", "date_of_completion": null, "job_completion_certificate": "Pending", "engineer": 1, "comment": "Auto-generated test project", "created_at": "2025-06-12T19:12:35.730Z", "created_by": 1, "updated_at": "2025-06-12T19:12:35.730Z", "updated_by": 1}}, {"model": "pm.project", "pk": 39, "fields": {"customer_name": 193, "project_title": "Project 8", "service_description": "Service description for project 8", "date_of_request": "2025-05-27T19:12:35.730Z", "status": "Pending", "date_of_completion": null, "job_completion_certificate": "Shared", "engineer": 1, "comment": "Auto-generated test project", "created_at": "2025-06-12T19:12:35.730Z", "created_by": 1, "updated_at": "2025-06-12T19:12:35.730Z", "updated_by": 1}}, {"model": "pm.project", "pk": 40, "fields": {"customer_name": 194, "project_title": "Project 9", "service_description": "Service description for project 9", "date_of_request": "2025-05-25T19:12:35.730Z", "status": "Completed", "date_of_completion": "2025-06-12T19:12:35.730Z", "job_completion_certificate": "Pending", "engineer": 1, "comment": "Auto-generated test project", "created_at": "2025-06-12T19:12:35.730Z", "created_by": 1, "updated_at": "2025-06-12T19:12:35.730Z", "updated_by": 1}}, {"model": "pm.project", "pk": 41, "fields": {"customer_name": 195, "project_title": "Project 10", "service_description": "Service description for project 10", "date_of_request": "2025-05-23T19:12:35.730Z", "status": "Pending", "date_of_completion": null, "job_completion_certificate": "Shared", "engineer": 1, "comment": "Auto-generated test project", "created_at": "2025-06-12T19:12:35.730Z", "created_by": 1, "updated_at": "2025-06-12T19:12:35.730Z", "updated_by": 1}}, {"model": "pm.project", "pk": 42, "fields": {"customer_name": 196, "project_title": "Project 11", "service_description": "Service description for project 11", "date_of_request": "2025-05-21T19:12:35.730Z", "status": "Pending", "date_of_completion": null, "job_completion_certificate": "Pending", "engineer": 1, "comment": "Auto-generated test project", "created_at": "2025-06-12T19:12:35.730Z", "created_by": 1, "updated_at": "2025-06-12T19:12:35.730Z", "updated_by": 1}}, {"model": "pm.project", "pk": 43, "fields": {"customer_name": 197, "project_title": "Project 12", "service_description": "Service description for project 12", "date_of_request": "2025-05-19T19:12:35.730Z", "status": "Completed", "date_of_completion": "2025-06-12T19:12:35.730Z", "job_completion_certificate": "Shared", "engineer": 1, "comment": "Auto-generated test project", "created_at": "2025-06-12T19:12:35.730Z", "created_by": 1, "updated_at": "2025-06-12T19:12:35.730Z", "updated_by": 1}}, {"model": "pm.project", "pk": 44, "fields": {"customer_name": 198, "project_title": "Project 13", "service_description": "Service description for project 13", "date_of_request": "2025-05-17T19:12:35.730Z", "status": "Pending", "date_of_completion": null, "job_completion_certificate": "Pending", "engineer": 1, "comment": "Auto-generated test project", "created_at": "2025-06-12T19:12:35.730Z", "created_by": 1, "updated_at": "2025-06-12T19:12:35.730Z", "updated_by": 1}}, {"model": "pm.project", "pk": 45, "fields": {"customer_name": 199, "project_title": "Project 14", "service_description": "Service description for project 14", "date_of_request": "2025-05-15T19:12:35.730Z", "status": "Pending", "date_of_completion": null, "job_completion_certificate": "Shared", "engineer": 1, "comment": "Auto-generated test project", "created_at": "2025-06-12T19:12:35.730Z", "created_by": 1, "updated_at": "2025-06-12T19:12:35.730Z", "updated_by": 1}}, {"model": "pm.project", "pk": 46, "fields": {"customer_name": 200, "project_title": "Project 15", "service_description": "Service description for project 15", "date_of_request": "2025-05-13T19:12:35.730Z", "status": "Completed", "date_of_completion": "2025-06-12T19:12:35.730Z", "job_completion_certificate": "Pending", "engineer": 1, "comment": "Auto-generated test project", "created_at": "2025-06-12T19:12:35.730Z", "created_by": 1, "updated_at": "2025-06-12T19:12:35.730Z", "updated_by": 1}}, {"model": "pm.project", "pk": 47, "fields": {"customer_name": 201, "project_title": "Project 16", "service_description": "Service description for project 16", "date_of_request": "2025-05-11T19:12:35.730Z", "status": "Pending", "date_of_completion": null, "job_completion_certificate": "Shared", "engineer": 1, "comment": "Auto-generated test project", "created_at": "2025-06-12T19:12:35.730Z", "created_by": 1, "updated_at": "2025-06-12T19:12:35.730Z", "updated_by": 1}}, {"model": "pm.project", "pk": 48, "fields": {"customer_name": 202, "project_title": "Project 17", "service_description": "Service description for project 17", "date_of_request": "2025-05-09T19:12:35.730Z", "status": "Pending", "date_of_completion": null, "job_completion_certificate": "Pending", "engineer": 1, "comment": "Auto-generated test project", "created_at": "2025-06-12T19:12:35.730Z", "created_by": 1, "updated_at": "2025-06-12T19:12:35.730Z", "updated_by": 1}}, {"model": "pm.project", "pk": 49, "fields": {"customer_name": 203, "project_title": "Project 18", "service_description": "Service description for project 18", "date_of_request": "2025-05-07T19:12:35.730Z", "status": "Completed", "date_of_completion": "2025-06-12T19:12:35.730Z", "job_completion_certificate": "Shared", "engineer": 1, "comment": "Auto-generated test project", "created_at": "2025-06-12T19:12:35.730Z", "created_by": 1, "updated_at": "2025-06-12T19:12:35.730Z", "updated_by": 1}}, {"model": "pm.project", "pk": 50, "fields": {"customer_name": 204, "project_title": "Project 19", "service_description": "Service description for project 19", "date_of_request": "2025-05-05T19:12:35.730Z", "status": "Pending", "date_of_completion": null, "job_completion_certificate": "Pending", "engineer": 1, "comment": "Auto-generated test project", "created_at": "2025-06-12T19:12:35.730Z", "created_by": 1, "updated_at": "2025-06-12T19:12:35.730Z", "updated_by": 1}}, {"model": "pm.project", "pk": 51, "fields": {"customer_name": 205, "project_title": "Project 20", "service_description": "Service description for project 20", "date_of_request": "2025-05-03T19:12:35.730Z", "status": "Pending", "date_of_completion": null, "job_completion_certificate": "Shared", "engineer": 1, "comment": "Auto-generated test project", "created_at": "2025-06-12T19:12:35.730Z", "created_by": 1, "updated_at": "2025-06-12T19:12:35.730Z", "updated_by": 1}}, {"model": "pm.project", "pk": 52, "fields": {"customer_name": 206, "project_title": "Project 21", "service_description": "Service description for project 21", "date_of_request": "2025-05-01T19:12:35.730Z", "status": "Completed", "date_of_completion": "2025-06-12T19:12:35.730Z", "job_completion_certificate": "Pending", "engineer": 1, "comment": "Auto-generated test project", "created_at": "2025-06-12T19:12:35.730Z", "created_by": 1, "updated_at": "2025-06-12T19:12:35.730Z", "updated_by": 1}}, {"model": "pm.project", "pk": 53, "fields": {"customer_name": 207, "project_title": "Project 22", "service_description": "Service description for project 22", "date_of_request": "2025-04-29T19:12:35.730Z", "status": "Pending", "date_of_completion": null, "job_completion_certificate": "Shared", "engineer": 1, "comment": "Auto-generated test project", "created_at": "2025-06-12T19:12:35.730Z", "created_by": 1, "updated_at": "2025-06-12T19:12:35.730Z", "updated_by": 1}}, {"model": "pm.project", "pk": 54, "fields": {"customer_name": 208, "project_title": "Project 23", "service_description": "Service description for project 23", "date_of_request": "2025-04-27T19:12:35.730Z", "status": "Pending", "date_of_completion": null, "job_completion_certificate": "Pending", "engineer": 1, "comment": "Auto-generated test project", "created_at": "2025-06-12T19:12:35.730Z", "created_by": 1, "updated_at": "2025-06-12T19:12:35.730Z", "updated_by": 1}}, {"model": "pm.project", "pk": 55, "fields": {"customer_name": 209, "project_title": "Project 24", "service_description": "Service description for project 24", "date_of_request": "2025-04-25T19:12:35.730Z", "status": "Completed", "date_of_completion": "2025-06-12T19:12:35.730Z", "job_completion_certificate": "Shared", "engineer": 1, "comment": "Auto-generated test project", "created_at": "2025-06-12T19:12:35.730Z", "created_by": 1, "updated_at": "2025-06-12T19:12:35.730Z", "updated_by": 1}}, {"model": "pm.project", "pk": 56, "fields": {"customer_name": 210, "project_title": "Project 25", "service_description": "Service description for project 25", "date_of_request": "2025-04-23T19:12:35.730Z", "status": "Pending", "date_of_completion": null, "job_completion_certificate": "Pending", "engineer": 1, "comment": "Auto-generated test project", "created_at": "2025-06-12T19:12:35.730Z", "created_by": 1, "updated_at": "2025-06-12T19:12:35.730Z", "updated_by": 1}}, {"model": "pm.project", "pk": 57, "fields": {"customer_name": 211, "project_title": "Project 26", "service_description": "Service description for project 26", "date_of_request": "2025-04-21T19:12:35.730Z", "status": "Pending", "date_of_completion": null, "job_completion_certificate": "Shared", "engineer": 1, "comment": "Auto-generated test project", "created_at": "2025-06-12T19:12:35.730Z", "created_by": 1, "updated_at": "2025-06-12T19:12:35.730Z", "updated_by": 1}}, {"model": "pm.project", "pk": 58, "fields": {"customer_name": 212, "project_title": "Project 27", "service_description": "Service description for project 27", "date_of_request": "2025-04-19T19:12:35.730Z", "status": "Completed", "date_of_completion": "2025-06-12T19:12:35.730Z", "job_completion_certificate": "Pending", "engineer": 1, "comment": "Auto-generated test project", "created_at": "2025-06-12T19:12:35.730Z", "created_by": 1, "updated_at": "2025-06-12T19:12:35.730Z", "updated_by": 1}}, {"model": "pm.project", "pk": 59, "fields": {"customer_name": 213, "project_title": "Project 28", "service_description": "Service description for project 28", "date_of_request": "2025-04-17T19:12:35.730Z", "status": "Pending", "date_of_completion": null, "job_completion_certificate": "Shared", "engineer": 1, "comment": "Auto-generated test project", "created_at": "2025-06-12T19:12:35.730Z", "created_by": 1, "updated_at": "2025-06-12T19:12:35.730Z", "updated_by": 1}}, {"model": "pm.project", "pk": 60, "fields": {"customer_name": 214, "project_title": "Project 29", "service_description": "Service description for project 29", "date_of_request": "2025-04-15T19:12:35.730Z", "status": "Pending", "date_of_completion": null, "job_completion_certificate": "Pending", "engineer": 1, "comment": "Auto-generated test project", "created_at": "2025-06-12T19:12:35.730Z", "created_by": 1, "updated_at": "2025-06-12T19:12:35.730Z", "updated_by": 1}}, {"model": "pm.project", "pk": 61, "fields": {"customer_name": 215, "project_title": "Project 30", "service_description": "Service description for project 30", "date_of_request": "2025-04-13T19:12:35.730Z", "status": "Completed", "date_of_completion": "2025-06-12T19:12:35.730Z", "job_completion_certificate": "Shared", "engineer": 1, "comment": "Auto-generated test project", "created_at": "2025-06-12T19:12:35.730Z", "created_by": 1, "updated_at": "2025-06-12T19:12:35.730Z", "updated_by": 1}}]